This is LuaHBTeX, Version 1.24.0 (TeX Live 2026)  (format=lualatex 2026.9.1)  3 SEP 2026 17:30
 restricted system commands enabled.
 file:line:error style messages enabled.
**Machine-Vision-Engineering-Handbook.tex
(./Machine-Vision-Engineering-Handbook.tex
LaTeX2e <2026-06-01>
L3 programming layer <2026-08-10>
Lua module: luaotfload 2024-12-03 v3.29 Lua based OpenType font support
Lua module: lualibs 2023-07-13 v2.76 ConTeXt Lua standard libraries.
Lua module: lualibs-extended 2023-07-13 v2.76 ConTeXt Lua libraries -- extended collection.
luaotfload | conf : Root cache directory is "c:/Users/Zanon/AppData/Roaming/TinyTeX/texmf-var/luatex-cache/generic/names".
luaotfload | init : Loading fontloader "fontloader-2023-12-28.lua" from kpse-resolved path "c:/Users/Zanon/AppData/Roaming/TinyTeX/texmf-dist/tex/luatex/luaotfload/fontloader-2023-12-28.lua".
Lua-only attribute luaotfload@noligature = 1
luaotfload | init : Context OpenType loader version 3.134
Inserting `luaotfload.node_processor' in `pre_linebreak_filter'.
Inserting `luaotfload.node_processor' in `hpack_filter'.
Inserting `luaotfload.glyph_stream' in `glyph_stream_provider'.
Inserting `luaotfload.define_font' in `define_font'.
Lua-only attribute luaotfload_color_attribute = 2
luaotfload | conf : Root cache directory is "c:/Users/Zanon/AppData/Roaming/TinyTeX/texmf-var/luatex-cache/generic/names".
Inserting `luaotfload.harf.strip_prefix' in `find_opentype_file'.
Inserting `luaotfload.harf.strip_prefix' in `find_truetype_file'.
Removing  `luaotfload.glyph_stream' from `glyph_stream_provider'.
Inserting `luaotfload.harf.glyphstream' in `glyph_stream_provider'.
Inserting `luaotfload.harf.finalize_vlist' in `post_linebreak_filter'.
Inserting `luaotfload.harf.finalize_hlist' in `hpack_filter'.
Inserting `luaotfload.cleanup_files' in `wrapup_run'.
Inserting `luaotfload.harf.finalize_unicode' in `finish_pdffile'.
Inserting `luaotfload.glyphinfo' in `glyph_info'.
Lua-only attribute luaotfload.letterspace_done = 3
Inserting `luaotfload.aux.set_sscale_dimens' in `luaotfload.patch_font'.
Inserting `luaotfload.aux.set_font_index' in `luaotfload.patch_font'.
Inserting `luaotfload.aux.patch_cambria_domh' in `luaotfload.patch_font'.
Inserting `luaotfload.aux.fixup_fontdata' in `luaotfload.patch_font_unsafe'.
Inserting `luaotfload.aux.set_capheight' in `luaotfload.patch_font'.
Inserting `luaotfload.aux.set_xheight' in `luaotfload.patch_font'.
Inserting `luaotfload.rewrite_fontname' in `luaotfload.patch_font'.
Inserting `tracingstacklevels' in `input_level_string'. (c:/Users/Zanon/AppData/Roaming/TinyTeX/texmf-dist/tex/latex/koma-script/scrbook.cls
Document Class: scrbook 2026/02/02 v3.49.2 KOMA-Script document class (book)
(c:/Users/Zanon/AppData/Roaming/TinyTeX/texmf-dist/tex/latex/koma-script/scrkbase.sty
Package: scrkbase 2026/02/02 v3.49.2 KOMA-Script package (KOMA-Script-dependent basics and keyval usage)
 (c:/Users/Zanon/AppData/Roaming/TinyTeX/texmf-dist/tex/latex/koma-script/scrbase.sty
Package: scrbase 2026/02/02 v3.49.2 KOMA-Script package (KOMA-Script-independent basics and keyval usage)
 (c:/Users/Zanon/AppData/Roaming/TinyTeX/texmf-dist/tex/latex/koma-script/scrlfile.sty
Package: scrlfile 2026/02/02 v3.49.2 KOMA-Script package (file load hooks)
 (c:/Users/Zanon/AppData/Roaming/TinyTeX/texmf-dist/tex/latex/koma-script/scrlfile-hook.sty
Package: scrlfile-hook 2026/02/02 v3.49.2 KOMA-Script package (using LaTeX hooks)
 (c:/Users/Zanon/AppData/Roaming/TinyTeX/texmf-dist/tex/latex/koma-script/scrlogo.sty
Package: scrlogo 2026/02/02 v3.49.2 KOMA-Script package (logo)
))) (c:/Users/Zanon/AppData/Roaming/TinyTeX/texmf-dist/tex/latex/graphics/keyval.sty
Package: keyval 2026-05-17 v1.15 key=value parser (DPC)
\KV@toks@=\toks17
)
Applying: [2021/05/01] Usage of raw or classic option list on input line 254.
Already applied: [0000/00/00] Usage of raw or classic option list on input line 370.
)) (c:/Users/Zanon/AppData/Roaming/TinyTeX/texmf-dist/tex/latex/koma-script/tocbasic.sty
Package: tocbasic 2026/02/02 v3.49.2 KOMA-Script package (handling toc-files)
\scr@dte@tocline@numberwidth=\skip49
\scr@dte@tocline@numbox=\box53
)
Package tocbasic Info: omitting babel extension for `toc'
(tocbasic)             because of feature `nobabel' available
(tocbasic)             for `toc' on input line 143.
Class scrbook Info: File `scrsize11pt.clo' used instead of
(scrbook)           file `scrsize11.clo' to setup font sizes on input line 2713.
 (c:/Users/Zanon/AppData/Roaming/TinyTeX/texmf-dist/tex/latex/koma-script/scrsize11pt.clo
File: scrsize11pt.clo 2026/02/02 v3.49.2 KOMA-Script font size class option (11pt)
luaotfload | db : Font names database loaded from c:/Users/Zanon/AppData/Roaming/TinyTeX/texmf-var/luatex-cache/generic/names/luaotfload-names.luc.gz) (c:/Users/Zanon/AppData/Roaming/TinyTeX/texmf-dist/tex/latex/koma-script/typearea.sty
Package: typearea 2026/02/02 v3.49.2 KOMA-Script package (type area)
\ta@bcor=\skip50
\ta@div=\count274
Package typearea Info: You've used standard option `letterpaper'.
(typearea)             This is correct!
(typearea)             Internally I'm using `paper=letter'.
(typearea)             If you'd like to set the option with \KOMAoptions,
(typearea)             you'd have to use `paper=letter' there
(typearea)             instead of `letterpaper', too.
\ta@hblk=\skip51
\ta@vblk=\skip52
\ta@temp=\skip53
\footheight=\skip54
Package typearea Info: With paper sizes other than (almost) `A4' predefined
(typearea)             DIV values do not exist. Using DIV calculation for good
(typearea)             line width (unless using `version=3.24` or prior).


Package typearea Info: DIV calculation for classic typearea. on input line 1810.

Package typearea Info: These are the values describing the layout:
(typearea)             DIV  = 7
(typearea)             BCOR = 0.0pt
(typearea)             \paperwidth      = 614.295pt
(typearea)              \textwidth      = 351.02573pt
(typearea)              DIV departure   = 3%
(typearea)              \evensidemargin = 103.24286pt
(typearea)              \oddsidemargin  = 15.48643pt
(typearea)             \paperheight     = 794.96999pt
(typearea)              \textheight     = 459.8002pt
(typearea)              \topmargin      = 3.89714pt
(typearea)              \headheight     = 17.0pt
(typearea)              \headsep        = 20.40001pt
(typearea)              \topskip        = 11.0pt
(typearea)              \footskip       = 47.6pt
(typearea)              \baselineskip   = 13.6pt
(typearea)              on input line 1810.
)
\c_scrbook_cmdhook_cctab=\catcodetable14
\c@part=\count275
\c@chapter=\count276
\c@section=\count277
\c@subsection=\count278
\c@subsubsection=\count279
\c@paragraph=\count280
\c@subparagraph=\count281
\scr@dte@chapter@maxnumwidth=\skip55
Class scrbook Info: using compatibility default `afterindent=bysign'
(scrbook)           for `\chapter on input line 5945.
\scr@dte@section@maxnumwidth=\skip56
Class scrbook Info: using compatibility default `runin=bysign'
(scrbook)           for `\section on input line 5956.
Class scrbook Info: using compatibility default `afterindent=bysign'
(scrbook)           for `\section on input line 5956.
\scr@dte@part@maxnumwidth=\skip57
Class scrbook Info: using compatibility default `afterindent=true'
(scrbook)           for `\part on input line 5965.
\scr@dte@subsection@maxnumwidth=\skip58
Class scrbook Info: using compatibility default `runin=bysign'
(scrbook)           for `\subsection on input line 5975.
Class scrbook Info: using compatibility default `afterindent=bysign'
(scrbook)           for `\subsection on input line 5975.
\scr@dte@subsubsection@maxnumwidth=\skip59
Class scrbook Info: using compatibility default `runin=bysign'
(scrbook)           for `\subsubsection on input line 5985.
Class scrbook Info: using compatibility default `afterindent=bysign'
(scrbook)           for `\subsubsection on input line 5985.
\scr@dte@paragraph@maxnumwidth=\skip60
Class scrbook Info: using compatibility default `runin=bysign'
(scrbook)           for `\paragraph on input line 5996.
Class scrbook Info: using compatibility default `afterindent=bysign'
(scrbook)           for `\paragraph on input line 5996.
\scr@dte@subparagraph@maxnumwidth=\skip61
Class scrbook Info: using compatibility default `runin=bysign'
(scrbook)           for `\subparagraph on input line 6006.
Class scrbook Info: using compatibility default `afterindent=bysign'
(scrbook)           for `\subparagraph on input line 6006.
\abovecaptionskip=\skip62
\belowcaptionskip=\skip63
\c@pti@nb@sid@b@x=\box54
Package tocbasic Info: omitting babel extension for `lof'
(tocbasic)             because of feature `nobabel' available
(tocbasic)             for `lof' on input line 7242.
\scr@dte@figure@maxnumwidth=\skip64
\c@figure=\count282
Package tocbasic Info: omitting babel extension for `lot'
(tocbasic)             because of feature `nobabel' available
(tocbasic)             for `lot' on input line 7255.
\scr@dte@table@maxnumwidth=\skip65
\c@table=\count283
Class scrbook Info: Redefining `\numberline' on input line 7426.
\bibindent=\dimen149
) (c:/Users/Zanon/AppData/Roaming/TinyTeX/texmf-dist/tex/latex/xcolor/xcolor.sty
Package: xcolor 2024/09/29 v3.02 LaTeX color extensions (UK)
 (c:/Users/Zanon/AppData/Roaming/TinyTeX/texmf-dist/tex/latex/graphics-cfg/color.cfg
File: color.cfg 2016/01/02 v1.6 sample color configuration
)
Package xcolor Info: Driver file: luatex.def on input line 274.
 (c:/Users/Zanon/AppData/Roaming/TinyTeX/texmf-dist/tex/latex/graphics-def/luatex.def
File: luatex.def 2025/09/29 v1.2f Graphics/color driver for luatex
) (c:/Users/Zanon/AppData/Roaming/TinyTeX/texmf-dist/tex/latex/graphics/mathcolor.ltx)
Package xcolor Info: Model `cmy' substituted by `cmy0' on input line 1349.
Package xcolor Info: Model `hsb' substituted by `rgb' on input line 1353.
Package xcolor Info: Model `RGB' extended on input line 1365.
Package xcolor Info: Model `HTML' substituted by `rgb' on input line 1367.
Package xcolor Info: Model `Hsb' substituted by `hsb' on input line 1368.
Package xcolor Info: Model `tHsb' substituted by `hsb' on input line 1369.
Package xcolor Info: Model `HSB' substituted by `hsb' on input line 1370.
Package xcolor Info: Model `Gray' substituted by `gray' on input line 1371.
Package xcolor Info: Model `wave' substituted by `hsb' on input line 1372.
) (c:/Users/Zanon/AppData/Roaming/TinyTeX/texmf-dist/tex/latex/graphics/dvipsnam.def
File: dvipsnam.def 2026-05-17 v3.0m Driver-dependent file (DPC,SPQR)
) (c:/Users/Zanon/AppData/Roaming/TinyTeX/texmf-dist/tex/latex/xcolor/svgnam.def
File: svgnam.def 2024/09/29 v3.02 Predefined colors according to SVG 1.1 (UK)
) (c:/Users/Zanon/AppData/Roaming/TinyTeX/texmf-dist/tex/latex/xcolor/x11nam.def
File: x11nam.def 2024/09/29 v3.02 Predefined colors according to Unix/X11 (UK)
) (c:/Users/Zanon/AppData/Roaming/TinyTeX/texmf-dist/tex/latex/geometry/geometry.sty
Package: geometry 2026/03/07 v6.0 Page Geometry
 (c:/Users/Zanon/AppData/Roaming/TinyTeX/texmf-dist/tex/generic/iftex/ifvtex.sty
Package: ifvtex 2019/10/25 v1.7 ifvtex legacy package. Use iftex instead.
 (c:/Users/Zanon/AppData/Roaming/TinyTeX/texmf-dist/tex/generic/iftex/iftex.sty
Package: iftex 2024/12/12 v1.0g TeX engine tests
))
\Gm@cnth=\count284
\Gm@cntv=\count285
\c@Gm@tempcnt=\count286
\Gm@bindingoffset=\dimen150
\Gm@wd@mp=\dimen151
\Gm@odd@mp=\dimen152
\Gm@even@mp=\dimen153
\Gm@layoutwidth=\dimen154
\Gm@layoutheight=\dimen155
\Gm@layouthoffset=\dimen156
\Gm@layoutvoffset=\dimen157
\Gm@dimlist=\toks18
) (c:/Users/Zanon/AppData/Roaming/TinyTeX/texmf-dist/tex/latex/amsmath/amsmath.sty
Package: amsmath 2026/05/19 v2.18d AMS math features
\@mathmargin=\skip66

For additional information on amsmath, use the `?' option.
(c:/Users/Zanon/AppData/Roaming/TinyTeX/texmf-dist/tex/latex/amsmath/amstext.sty
Package: amstext 2024/11/17 v2.01 AMS text
 (c:/Users/Zanon/AppData/Roaming/TinyTeX/texmf-dist/tex/latex/amsmath/amsgen.sty
File: amsgen.sty 1999/11/30 v2.0 generic functions
\@emptytoks=\toks19
\ex@=\dimen158
)) (c:/Users/Zanon/AppData/Roaming/TinyTeX/texmf-dist/tex/latex/amsmath/amsbsy.sty
Package: amsbsy 1999/11/29 v1.2d Bold Symbols
\pmbraise@=\dimen159
) (c:/Users/Zanon/AppData/Roaming/TinyTeX/texmf-dist/tex/latex/amsmath/amsopn.sty
Package: amsopn 2022/04/08 v2.04 operator names
)
\inf@bad=\count287
LaTeX Info: Redefining \frac on input line 235.
\uproot@=\count288
\leftroot@=\count289
LaTeX Info: Redefining \overline on input line 398.
LaTeX Info: Redefining \colon on input line 409.
\classnum@=\count290
\DOTSCASE@=\count291
LaTeX Info: Redefining \ldots on input line 495.
LaTeX Info: Redefining \dots on input line 498.
LaTeX Info: Redefining \cdots on input line 619.
\Mathstrutbox@=\box55
\strutbox@=\box56
LaTeX Info: Redefining \big on input line 721.
LaTeX Info: Redefining \Big on input line 722.
LaTeX Info: Redefining \bigg on input line 723.
LaTeX Info: Redefining \Bigg on input line 724.
\big@size=\dimen160
LaTeX Font Info:    Redeclaring font encoding OML on input line 742.
LaTeX Font Info:    Redeclaring font encoding OMS on input line 743.
\macc@depth=\count292
LaTeX Info: Redefining \bmod on input line 904.
LaTeX Info: Redefining \pmod on input line 909.
LaTeX Info: Redefining \smash on input line 939.
LaTeX Info: Redefining \relbar on input line 969.
LaTeX Info: Redefining \Relbar on input line 970.
\c@MaxMatrixCols=\count293
\dotsspace@=\muskip17
\c@parentequation=\count294
\dspbrk@lvl=\count295
\tag@help=\toks20
\row@=\count296
\column@=\count297
\maxfields@=\count298
\andhelp@=\toks21
\eqnshift@=\dimen161
\alignsep@=\dimen162
\tagshift@=\dimen163
\tagwidth@=\dimen164
\totwidth@=\dimen165
\lineht@=\dimen166
\@envbody=\toks22
\multlinegap=\skip67
\multlinetaggap=\skip68
\mathdisplay@stack=\toks23
LaTeX Info: Redefining \[ on input line 2965.
LaTeX Info: Redefining \] on input line 2966.
) (c:/Users/Zanon/AppData/Roaming/TinyTeX/texmf-dist/tex/latex/amsfonts/amssymb.sty
Package: amssymb 2013/01/14 v3.01 AMS font symbols
 (c:/Users/Zanon/AppData/Roaming/TinyTeX/texmf-dist/tex/latex/amsfonts/amsfonts.sty
Package: amsfonts 2013/01/14 v3.01 Basic AMSFonts support
\symAMSa=\mathgroup4
\symAMSb=\mathgroup5
LaTeX Font Info:    Redeclaring math symbol \hbar on input line 98.
LaTeX Font Info:    Overwriting math alphabet `\mathfrak' in version `bold'
(Font)                  U/euf/m/n --> U/euf/b/n on input line 106.
)) (c:/Users/Zanon/AppData/Roaming/TinyTeX/texmf-dist/tex/latex/unicode-math/unicode-math.sty (c:/Users/Zanon/AppData/Roaming/TinyTeX/texmf-dist/tex/latex/l3kernel/expl3.sty
Package: expl3 2026-08-10 L3 programming layer (loader) 
 (c:/Users/Zanon/AppData/Roaming/TinyTeX/texmf-dist/tex/latex/l3kernel/l3backend-luatex.def
File: l3backend-luatex.def 2026-08-10 L3 backend support: PDF output (LuaTeX)
\l__color_backend_stack_int=\count299
Inserting `l3color' in `luaotfload.parse_color'.))
Package: unicode-math 2023/08/13 v0.8r Unicode maths in XeLaTeX and LuaLaTeX
 (c:/Users/Zanon/AppData/Roaming/TinyTeX/texmf-dist/tex/latex/unicode-math/unicode-math-luatex.sty
Package: unicode-math-luatex 2023/08/13 v0.8r Unicode maths in XeLaTeX and LuaLaTeX
 (c:/Users/Zanon/AppData/Roaming/TinyTeX/texmf-dist/tex/latex/l3packages/xparse/xparse.sty
Package: xparse 2025-10-09 L3 Experimental document command parser
) (c:/Users/Zanon/AppData/Roaming/TinyTeX/texmf-dist/tex/latex/l3packages/l3keys2e/l3keys2e.sty
Package: l3keys2e 2025-10-09 LaTeX2e option processing using LaTeX3 keys
) (c:/Users/Zanon/AppData/Roaming/TinyTeX/texmf-dist/tex/latex/fontspec/fontspec.sty
Package: fontspec 2026/08/11 v2.9h Font selection for XeLaTeX and LuaLaTeX
Lua module: fontspec 2026/08/11 v2.9h Font selection for XeLaTeX and LuaLaTeX (c:/Users/Zanon/AppData/Roaming/TinyTeX/texmf-dist/tex/latex/fontspec/fontspec-luatex.sty
Package: fontspec-luatex 2026/08/11 v2.9h Font selection for XeLaTeX and LuaLaTeX
\l__fontspec_script_int=\count300
\l__fontspec_language_int=\count301
\l__fontspec_strnum_int=\count302
\l__fontspec_tmp_int=\count303
\l__fontspec_tmpa_int=\count304
\l__fontspec_tmpb_int=\count305
\l__fontspec_tmpc_int=\count306
\l__fontspec_em_int=\count307
\l__fontspec_emdef_int=\count308
\l__fontspec_strong_int=\count309
\l__fontspec_strongdef_int=\count310
\l__fontspec_tmpa_dim=\dimen167
\l__fontspec_tmpb_dim=\dimen168
\l__fontspec_tmpc_dim=\dimen169
 (c:/Users/Zanon/AppData/Roaming/TinyTeX/texmf-dist/tex/latex/base/fontenc.sty
Package: fontenc 2025/07/18 v2.1d Standard LaTeX package
) (c:/Users/Zanon/AppData/Roaming/TinyTeX/texmf-dist/tex/latex/fontspec/fontspec.cfg))) (c:/Users/Zanon/AppData/Roaming/TinyTeX/texmf-dist/tex/latex/base/fix-cm.sty
Package: fix-cm 2020/11/24 v1.1t fixes to LaTeX
 (c:/Users/Zanon/AppData/Roaming/TinyTeX/texmf-dist/tex/latex/base/ts1enc.def
File: ts1enc.def 2001/06/05 v3.0e (jk/car/fm) Standard LaTeX file
LaTeX Font Info:    Redeclaring font encoding TS1 on input line 47.
LaTeX Encoding Info:    Redeclaring text command \capitalcedilla (encoding TS1) on input line 49.
LaTeX Encoding Info:    Redeclaring text command \capitalogonek (encoding TS1) on input line 52.
LaTeX Encoding Info:    Redeclaring text command \capitalgrave (encoding TS1) on input line 55.
LaTeX Encoding Info:    Redeclaring text command \capitalacute (encoding TS1) on input line 56.
LaTeX Encoding Info:    Redeclaring text command \capitalcircumflex (encoding TS1) on input line 57.
LaTeX Encoding Info:    Redeclaring text command \capitaltilde (encoding TS1) on input line 58.
LaTeX Encoding Info:    Redeclaring text command \capitaldieresis (encoding TS1) on input line 59.
LaTeX Encoding Info:    Redeclaring text command \capitalhungarumlaut (encoding TS1) on input line 60.
LaTeX Encoding Info:    Redeclaring text command \capitalring (encoding TS1) on input line 61.
LaTeX Encoding Info:    Redeclaring text command \capitalcaron (encoding TS1) on input line 62.
LaTeX Encoding Info:    Redeclaring text command \capitalbreve (encoding TS1) on input line 63.
LaTeX Encoding Info:    Redeclaring text command \capitalmacron (encoding TS1) on input line 64.
LaTeX Encoding Info:    Redeclaring text command \capitaldotaccent (encoding TS1) on input line 65.
LaTeX Encoding Info:    Redeclaring text command \t (encoding TS1) on input line 66.
LaTeX Encoding Info:    Redeclaring text command \capitaltie (encoding TS1) on input line 67.
LaTeX Encoding Info:    Redeclaring text command \newtie (encoding TS1) on input line 68.
LaTeX Encoding Info:    Redeclaring text command \capitalnewtie (encoding TS1) on input line 69.
LaTeX Encoding Info:    Redeclaring text symbol \textcapitalcompwordmark (encoding TS1) on input line 70.
LaTeX Encoding Info:    Redeclaring text symbol \textascendercompwordmark (encoding TS1) on input line 71.
LaTeX Encoding Info:    Redeclaring text symbol \textquotestraightbase (encoding TS1) on input line 72.
LaTeX Encoding Info:    Redeclaring text symbol \textquotestraightdblbase (encoding TS1) on input line 73.
LaTeX Encoding Info:    Redeclaring text symbol \texttwelveudash (encoding TS1) on input line 74.
LaTeX Encoding Info:    Redeclaring text symbol \textthreequartersemdash (encoding TS1) on input line 75.
LaTeX Encoding Info:    Redeclaring text symbol \textleftarrow (encoding TS1) on input line 76.
LaTeX Encoding Info:    Redeclaring text symbol \textrightarrow (encoding TS1) on input line 77.
LaTeX Encoding Info:    Redeclaring text symbol \textblank (encoding TS1) on input line 78.
LaTeX Encoding Info:    Redeclaring text symbol \textdollar (encoding TS1) on input line 79.
LaTeX Encoding Info:    Redeclaring text symbol \textquotesingle (encoding TS1) on input line 80.
LaTeX Encoding Info:    Redeclaring text command \textasteriskcentered (encoding TS1) on input line 81.
LaTeX Encoding Info:    Redeclaring text symbol \textdblhyphen (encoding TS1) on input line 92.
LaTeX Encoding Info:    Redeclaring text symbol \textfractionsolidus (encoding TS1) on input line 93.
LaTeX Encoding Info:    Redeclaring text symbol \textzerooldstyle (encoding TS1) on input line 94.
LaTeX Encoding Info:    Redeclaring text symbol \textoneoldstyle (encoding TS1) on input line 95.
LaTeX Encoding Info:    Redeclaring text symbol \texttwooldstyle (encoding TS1) on input line 96.
LaTeX Encoding Info:    Redeclaring text symbol \textthreeoldstyle (encoding TS1) on input line 97.
LaTeX Encoding Info:    Redeclaring text symbol \textfouroldstyle (encoding TS1) on input line 98.
LaTeX Encoding Info:    Redeclaring text symbol \textfiveoldstyle (encoding TS1) on input line 99.
LaTeX Encoding Info:    Redeclaring text symbol \textsixoldstyle (encoding TS1) on input line 100.
LaTeX Encoding Info:    Redeclaring text symbol \textsevenoldstyle (encoding TS1) on input line 101.
LaTeX Encoding Info:    Redeclaring text symbol \texteightoldstyle (encoding TS1) on input line 102.
LaTeX Encoding Info:    Redeclaring text symbol \textnineoldstyle (encoding TS1) on input line 103.
LaTeX Encoding Info:    Redeclaring text symbol \textlangle (encoding TS1) on input line 104.
LaTeX Encoding Info:    Redeclaring text symbol \textminus (encoding TS1) on input line 105.
LaTeX Encoding Info:    Redeclaring text symbol \textrangle (encoding TS1) on input line 106.
LaTeX Encoding Info:    Redeclaring text symbol \textmho (encoding TS1) on input line 107.
LaTeX Encoding Info:    Redeclaring text symbol \textbigcircle (encoding TS1) on input line 108.
LaTeX Encoding Info:    Redeclaring text command \textcircled (encoding TS1) on input line 109.
LaTeX Encoding Info:    Redeclaring text symbol \textohm (encoding TS1) on input line 115.
LaTeX Encoding Info:    Redeclaring text symbol \textlbrackdbl (encoding TS1) on input line 116.
LaTeX Encoding Info:    Redeclaring text symbol \textrbrackdbl (encoding TS1) on input line 117.
LaTeX Encoding Info:    Redeclaring text symbol \textuparrow (encoding TS1) on input line 118.
LaTeX Encoding Info:    Redeclaring text symbol \textdownarrow (encoding TS1) on input line 119.
LaTeX Encoding Info:    Redeclaring text symbol \textasciigrave (encoding TS1) on input line 120.
LaTeX Encoding Info:    Redeclaring text symbol \textborn (encoding TS1) on input line 121.
LaTeX Encoding Info:    Redeclaring text symbol \textdivorced (encoding TS1) on input line 122.
LaTeX Encoding Info:    Redeclaring text symbol \textdied (encoding TS1) on input line 123.
LaTeX Encoding Info:    Redeclaring text symbol \textleaf (encoding TS1) on input line 124.
LaTeX Encoding Info:    Redeclaring text symbol \textmarried (encoding TS1) on input line 125.
LaTeX Encoding Info:    Redeclaring text symbol \textmusicalnote (encoding TS1) on input line 126.
LaTeX Encoding Info:    Redeclaring text symbol \texttildelow (encoding TS1) on input line 127.
LaTeX Encoding Info:    Redeclaring text symbol \textdblhyphenchar (encoding TS1) on input line 128.
LaTeX Encoding Info:    Redeclaring text symbol \textasciibreve (encoding TS1) on input line 129.
LaTeX Encoding Info:    Redeclaring text symbol \textasciicaron (encoding TS1) on input line 130.
LaTeX Encoding Info:    Redeclaring text symbol \textacutedbl (encoding TS1) on input line 131.
LaTeX Encoding Info:    Redeclaring text symbol \textgravedbl (encoding TS1) on input line 132.
LaTeX Encoding Info:    Redeclaring text symbol \textdagger (encoding TS1) on input line 133.
LaTeX Encoding Info:    Redeclaring text symbol \textdaggerdbl (encoding TS1) on input line 134.
LaTeX Encoding Info:    Redeclaring text symbol \textbardbl (encoding TS1) on input line 135.
LaTeX Encoding Info:    Redeclaring text symbol \textperthousand (encoding TS1) on input line 136.
LaTeX Encoding Info:    Redeclaring text symbol \textbullet (encoding TS1) on input line 137.
LaTeX Encoding Info:    Redeclaring text symbol \textcelsius (encoding TS1) on input line 138.
LaTeX Encoding Info:    Redeclaring text symbol \textdollaroldstyle (encoding TS1) on input line 139.
LaTeX Encoding Info:    Redeclaring text symbol \textcentoldstyle (encoding TS1) on input line 140.
LaTeX Encoding Info:    Redeclaring text symbol \textflorin (encoding TS1) on input line 141.
LaTeX Encoding Info:    Redeclaring text symbol \textcolonmonetary (encoding TS1) on input line 142.
LaTeX Encoding Info:    Redeclaring text symbol \textwon (encoding TS1) on input line 143.
LaTeX Encoding Info:    Redeclaring text symbol \textnaira (encoding TS1) on input line 144.
LaTeX Encoding Info:    Redeclaring text symbol \textguarani (encoding TS1) on input line 145.
LaTeX Encoding Info:    Redeclaring text symbol \textpeso (encoding TS1) on input line 146.
LaTeX Encoding Info:    Redeclaring text symbol \textlira (encoding TS1) on input line 147.
LaTeX Encoding Info:    Redeclaring text symbol \textrecipe (encoding TS1) on input line 148.
LaTeX Encoding Info:    Redeclaring text symbol \textinterrobang (encoding TS1) on input line 149.
LaTeX Encoding Info:    Redeclaring text symbol \textinterrobangdown (encoding TS1) on input line 150.
LaTeX Encoding Info:    Redeclaring text symbol \textdong (encoding TS1) on input line 151.
LaTeX Encoding Info:    Redeclaring text symbol \texttrademark (encoding TS1) on input line 152.
LaTeX Encoding Info:    Redeclaring text symbol \textpertenthousand (encoding TS1) on input line 153.
LaTeX Encoding Info:    Redeclaring text symbol \textpilcrow (encoding TS1) on input line 154.
LaTeX Encoding Info:    Redeclaring text symbol \textbaht (encoding TS1) on input line 155.
LaTeX Encoding Info:    Redeclaring text symbol \textnumero (encoding TS1) on input line 156.
LaTeX Encoding Info:    Redeclaring text symbol \textdiscount (encoding TS1) on input line 157.
LaTeX Encoding Info:    Redeclaring text symbol \textestimated (encoding TS1) on input line 158.
LaTeX Encoding Info:    Redeclaring text symbol \textopenbullet (encoding TS1) on input line 159.
LaTeX Encoding Info:    Redeclaring text symbol \textservicemark (encoding TS1) on input line 160.
LaTeX Encoding Info:    Redeclaring text symbol \textlquill (encoding TS1) on input line 161.
LaTeX Encoding Info:    Redeclaring text symbol \textrquill (encoding TS1) on input line 162.
LaTeX Encoding Info:    Redeclaring text symbol \textcent (encoding TS1) on input line 163.
LaTeX Encoding Info:    Redeclaring text symbol \textsterling (encoding TS1) on input line 164.
LaTeX Encoding Info:    Redeclaring text symbol \textcurrency (encoding TS1) on input line 165.
LaTeX Encoding Info:    Redeclaring text symbol \textyen (encoding TS1) on input line 166.
LaTeX Encoding Info:    Redeclaring text symbol \textbrokenbar (encoding TS1) on input line 167.
LaTeX Encoding Info:    Redeclaring text symbol \textsection (encoding TS1) on input line 168.
LaTeX Encoding Info:    Redeclaring text symbol \textasciidieresis (encoding TS1) on input line 169.
LaTeX Encoding Info:    Redeclaring text symbol \textcopyright (encoding TS1) on input line 170.
LaTeX Encoding Info:    Redeclaring text symbol \textordfeminine (encoding TS1) on input line 171.
LaTeX Encoding Info:    Redeclaring text symbol \textcopyleft (encoding TS1) on input line 172.
LaTeX Encoding Info:    Redeclaring text symbol \textlnot (encoding TS1) on input line 173.
LaTeX Encoding Info:    Redeclaring text symbol \textcircledP (encoding TS1) on input line 174.
LaTeX Encoding Info:    Redeclaring text symbol \textregistered (encoding TS1) on input line 175.
LaTeX Encoding Info:    Redeclaring text symbol \textasciimacron (encoding TS1) on input line 176.
LaTeX Encoding Info:    Redeclaring text symbol \textdegree (encoding TS1) on input line 177.
LaTeX Encoding Info:    Redeclaring text symbol \textpm (encoding TS1) on input line 178.
LaTeX Encoding Info:    Redeclaring text symbol \texttwosuperior (encoding TS1) on input line 179.
LaTeX Encoding Info:    Redeclaring text symbol \textthreesuperior (encoding TS1) on input line 180.
LaTeX Encoding Info:    Redeclaring text symbol \textasciiacute (encoding TS1) on input line 181.
LaTeX Encoding Info:    Redeclaring text symbol \textmu (encoding TS1) on input line 182.
LaTeX Encoding Info:    Redeclaring text symbol \textparagraph (encoding TS1) on input line 183.
LaTeX Encoding Info:    Redeclaring text symbol \textperiodcentered (encoding TS1) on input line 184.
LaTeX Encoding Info:    Redeclaring text symbol \textreferencemark (encoding TS1) on input line 185.
LaTeX Encoding Info:    Redeclaring text symbol \textonesuperior (encoding TS1) on input line 186.
LaTeX Encoding Info:    Redeclaring text symbol \textordmasculine (encoding TS1) on input line 187.
LaTeX Encoding Info:    Redeclaring text symbol \textsurd (encoding TS1) on input line 188.
LaTeX Encoding Info:    Redeclaring text symbol \textonequarter (encoding TS1) on input line 189.
LaTeX Encoding Info:    Redeclaring text symbol \textonehalf (encoding TS1) on input line 190.
LaTeX Encoding Info:    Redeclaring text symbol \textthreequarters (encoding TS1) on input line 191.
LaTeX Encoding Info:    Redeclaring text symbol \texteuro (encoding TS1) on input line 192.
LaTeX Encoding Info:    Redeclaring text symbol \texttimes (encoding TS1) on input line 193.
LaTeX Encoding Info:    Redeclaring text symbol \textdiv (encoding TS1) on input line 194.
)) (c:/Users/Zanon/AppData/Roaming/TinyTeX/texmf-dist/tex/lualatex/lualatex-math/lualatex-math.sty
Package: lualatex-math 2022/01/01 v1.12 Patches for mathematics typesetting with LuaLaTeX
 (c:/Users/Zanon/AppData/Roaming/TinyTeX/texmf-dist/tex/latex/etoolbox/etoolbox.sty
Package: etoolbox 2025/10/02 v2.5m e-TeX tools for LaTeX (JAW)
\etb@tempcnta=\count311
)
Lua module: lualatex-math 2013/08/03 v1.3 Patches for mathematics typesetting with LuaLaTeX)
\g__um_fam_int=\count312
\g__um_fonts_used_int=\count313
\l__um_primecount_int=\count314
\g__um_primekern_muskip=\muskip18
 (c:/Users/Zanon/AppData/Roaming/TinyTeX/texmf-dist/tex/latex/unicode-math/unicode-math-table.tex))) (c:/Users/Zanon/AppData/Roaming/TinyTeX/texmf-dist/tex/latex/lm/lmodern.sty
Package: lmodern 2015/05/01 v1.6.1 Latin Modern Fonts
LaTeX Font Info:    Overwriting symbol font `operators' in version `normal'
(Font)                  OT1/cmr/m/n --> OT1/lmr/m/n on input line 22.
LaTeX Font Info:    Overwriting symbol font `letters' in version `normal'
(Font)                  OML/cmm/m/it --> OML/lmm/m/it on input line 23.
LaTeX Font Info:    Overwriting symbol font `symbols' in version `normal'
(Font)                  OMS/cmsy/m/n --> OMS/lmsy/m/n on input line 24.
LaTeX Font Info:    Overwriting symbol font `largesymbols' in version `normal'
(Font)                  OMX/cmex/m/n --> OMX/lmex/m/n on input line 25.
LaTeX Font Info:    Overwriting symbol font `operators' in version `bold'
(Font)                  OT1/cmr/bx/n --> OT1/lmr/bx/n on input line 26.
LaTeX Font Info:    Overwriting symbol font `letters' in version `bold'
(Font)                  OML/cmm/b/it --> OML/lmm/b/it on input line 27.
LaTeX Font Info:    Overwriting symbol font `symbols' in version `bold'
(Font)                  OMS/cmsy/b/n --> OMS/lmsy/b/n on input line 28.
LaTeX Font Info:    Overwriting symbol font `largesymbols' in version `bold'
(Font)                  OMX/cmex/m/n --> OMX/lmex/m/n on input line 29.
LaTeX Font Info:    Overwriting math alphabet `\mathbf' in version `normal'
(Font)                  OT1/cmr/bx/n --> OT1/lmr/bx/n on input line 31.
LaTeX Font Info:    Overwriting math alphabet `\mathsf' in version `normal'
(Font)                  OT1/cmss/m/n --> OT1/lmss/m/n on input line 32.
LaTeX Font Info:    Overwriting math alphabet `\mathit' in version `normal'
(Font)                  OT1/cmr/m/it --> OT1/lmr/m/it on input line 33.
LaTeX Font Info:    Overwriting math alphabet `\mathtt' in version `normal'
(Font)                  OT1/cmtt/m/n --> OT1/lmtt/m/n on input line 34.
LaTeX Font Info:    Overwriting math alphabet `\mathbf' in version `bold'
(Font)                  OT1/cmr/bx/n --> OT1/lmr/bx/n on input line 35.
LaTeX Font Info:    Overwriting math alphabet `\mathsf' in version `bold'
(Font)                  OT1/cmss/bx/n --> OT1/lmss/bx/n on input line 36.
LaTeX Font Info:    Overwriting math alphabet `\mathit' in version `bold'
(Font)                  OT1/cmr/bx/it --> OT1/lmr/bx/it on input line 37.
LaTeX Font Info:    Overwriting math alphabet `\mathtt' in version `bold'
(Font)                  OT1/cmtt/m/n --> OT1/lmtt/m/n on input line 38.
) (c:/Users/Zanon/AppData/Roaming/TinyTeX/texmf-dist/tex/latex/upquote/upquote.sty
Package: upquote 2012/04/19 v1.3 upright-quote and grave-accent glyphs in verbatim
 (c:/Users/Zanon/AppData/Roaming/TinyTeX/texmf-dist/tex/latex/base/textcomp.sty
Package: textcomp 2024/04/24 v2.1b Standard LaTeX package
)) (c:/Users/Zanon/AppData/Roaming/TinyTeX/texmf-dist/tex/latex/microtype/microtype.sty
Package: microtype 2026/03/01 v3.2d Micro-typographical refinements (RS)
\MT@toks=\toks24
\MT@tempbox=\box57
\MT@count=\count315
LaTeX Info: Redefining \noprotrusionifhmode on input line 1084.
LaTeX Info: Redefining \leftprotrusion on input line 1085.
\MT@prot@toks=\toks25
LaTeX Info: Redefining \rightprotrusion on input line 1104.
LaTeX Info: Redefining \textls on input line 1449.
\MT@outer@kern=\dimen170
LaTeX Info: Redefining \microtypecontext on input line 2053.
LaTeX Info: Redefining \textmicrotypecontext on input line 2070.
\MT@listname@count=\count316
 (c:/Users/Zanon/AppData/Roaming/TinyTeX/texmf-dist/tex/latex/microtype/microtype-luatex.def
File: microtype-luatex.def 2026/03/01 v3.2d Definitions specific to luatex (RS)
Lua module: microtype 2026/03/01 v3.2d microtype module.
Module microtype Info: overwriting function `keepligature' on input line 63
LaTeX Info: Redefining \lsstyle on input line 779.
LaTeX Info: Redefining \lslig on input line 779.
\MT@outer@space=\skip69
)
Package microtype Info: Loading configuration file microtype.cfg.
 (c:/Users/Zanon/AppData/Roaming/TinyTeX/texmf-dist/tex/latex/microtype/microtype.cfg
File: microtype.cfg 2026/03/01 v3.2d microtype main configuration file (RS)
)
LaTeX Info: Redefining \microtypesetup on input line 3065.
) (c:/Users/Zanon/AppData/Roaming/TinyTeX/texmf-dist/tex/latex/tools/longtable.sty
Package: longtable 2026-01-28 v4.27 Multi-page Table package (DPC)
\LTleft=\skip70
\LTright=\skip71
\LTpre=\skip72
\LTpost=\skip73
\LTchunksize=\count317
\LTcapwidth=\dimen171
\LT@head=\box58
\LT@firsthead=\box59
\LT@foot=\box60
\LT@lastfoot=\box61
\LT@gbox=\box62
\LT@cols=\count318
\LT@rows=\count319
\c@LT@tables=\count320
\c@LT@chunks=\count321
\LT@p@ftn=\toks26
)
Class scrbook Info: longtable captions redefined on input line 72.
 (c:/Users/Zanon/AppData/Roaming/TinyTeX/texmf-dist/tex/latex/booktabs/booktabs.sty
Package: booktabs 2020/01/12 v1.61803398 Publication quality tables
\heavyrulewidth=\dimen172
\lightrulewidth=\dimen173
\cmidrulewidth=\dimen174
\belowrulesep=\dimen175
\belowbottomsep=\dimen176
\aboverulesep=\dimen177
\abovetopsep=\dimen178
\cmidrulesep=\dimen179
\cmidrulekern=\dimen180
\defaultaddspace=\dimen181
\@cmidla=\count322
\@cmidlb=\count323
\@aboverulesep=\dimen182
\@belowrulesep=\dimen183
\@thisruleclass=\count324
\@lastruleclass=\count325
\@thisrulewidth=\dimen184
) (c:/Users/Zanon/AppData/Roaming/TinyTeX/texmf-dist/tex/latex/tools/array.sty
Package: array 2026/02/24 v2.7b Tabular extension package (FMi)
\col@sep=\dimen185
\ar@mcellbox=\box63
\extrarowheight=\dimen186
\NC@list=\toks27
\extratabsurround=\skip74
\backup@length=\skip75
\ar@cellbox=\box64
)
\c@none=\count326
 (c:/Users/Zanon/AppData/Roaming/TinyTeX/texmf-dist/tex/latex/tools/calc.sty
Package: calc 2025/03/01 v4.3b Infix arithmetic (KKT,FJ)
\calc@Acount=\count327
\calc@Bcount=\count328
\calc@Adimen=\dimen187
\calc@Bdimen=\dimen188
\calc@Askip=\skip76
\calc@Bskip=\skip77
LaTeX Info: Redefining \setlength on input line 86.
LaTeX Info: Redefining \addtolength on input line 87.
\calc@Ccount=\count329
\calc@Cskip=\skip78
) (c:/Users/Zanon/AppData/Roaming/TinyTeX/texmf-dist/tex/latex/mdwtools/footnote.sty
Package: footnote 1997/01/28 1.13 Save footnotes around boxes
\fn@notes=\box65
\fn@width=\dimen189
) (c:/Users/Zanon/AppData/Roaming/TinyTeX/texmf-dist/tex/latex/graphics/graphicx.sty
Package: graphicx 2026-05-17 v1.2e Enhanced LaTeX Graphics (DPC,SPQR)
 (c:/Users/Zanon/AppData/Roaming/TinyTeX/texmf-dist/tex/latex/graphics/graphics.sty
Package: graphics 2026-05-17 v1.4h Standard LaTeX Graphics (DPC,SPQR)
 (c:/Users/Zanon/AppData/Roaming/TinyTeX/texmf-dist/tex/latex/graphics/trig.sty
Package: trig 2023/12/02 v1.11 sin cos tan (DPC)
) (c:/Users/Zanon/AppData/Roaming/TinyTeX/texmf-dist/tex/latex/graphics-cfg/graphics.cfg
File: graphics.cfg 2016/06/04 v1.11 sample graphics configuration
)
Package graphics Info: Driver file: luatex.def on input line 106.
)
\Gin@req@height=\dimen190
\Gin@req@width=\dimen191
)
\pandoc@box=\box66
\cslhangindent=\skip79
\csllabelwidth=\skip80
 (c:/Users/Zanon/AppData/Roaming/TinyTeX/texmf-dist/tex/generic/babel/babel.sty
Package: babel 2026/08/21 v26.11 The multilingual framework for LuaLaTeX, pdfLaTeX and XeLaTeX
 (c:/Users/Zanon/AppData/Roaming/TinyTeX/texmf-dist/tex/generic/babel/luababel.def
\bbl@readstream=\read2
\l@dumylang=\language2
Package babel Info: Non-standard hyphenation setup on input line 118.
\l@nohyphenation=\language3
\l@ukenglish=\language4
\l@usenglishmax=\language5
\l@french=\language6
\babelcatcodetablenum=\catcodetable15
\bbl@pattcodes=\catcodetable16
)
\babel@savecnt=\count330
LaTeX Encoding Info:    Redeclaring text command \ij (encoding OT1) on input line 2105.
LaTeX Encoding Info:    Redeclaring text command \IJ (encoding OT1) on input line 2107.
LaTeX Encoding Info:    Redeclaring text command \ij (encoding T1) on input line 2109.
LaTeX Encoding Info:    Redeclaring text command \IJ (encoding T1) on input line 2110.
LaTeX Encoding Info:    Ignoring declaration for text command \ij (encoding ?) on input line 2111.
LaTeX Encoding Info:    Ignoring declaration for text command \IJ (encoding ?) on input line 2113.
LaTeX Encoding Info:    Ignoring declaration for text command \SS (encoding ?) on input line 2138.
\U@D=\dimen192
\l@unhyphenated=\language7
 (c:/Users/Zanon/AppData/Roaming/TinyTeX/texmf-dist/tex/generic/babel/luababel.def
\bbl@attr@locale=\attribute4
 (c:/Users/Zanon/AppData/Roaming/TinyTeX/texmf-dist/tex/luatex/luatexbase/luatexbase.sty
Package: luatexbase 2015/10/04 v1.3 luatexbase interface to LuaTeX 
 (c:/Users/Zanon/AppData/Roaming/TinyTeX/texmf-dist/tex/luatex/ctablestack/ctablestack.sty
Package: ctablestack 2015/10/01 v1.0 Catcode table stable support
\@catcodetablestackcnt=\count331
)
\CatcodeTableOther=\catcodetable17
\CatcodeTableExpl=\catcodetable18
)
Removing  `luaotfload.node_processor' from `pre_linebreak_filter'.
Inserting `Babel.pre_otfload_v' in `pre_linebreak_filter'.
Inserting `luaotfload.node_processor' in `pre_linebreak_filter'.
Removing  `luaotfload.node_processor' from `hpack_filter'.
Removing  `luaotfload.harf.finalize_hlist' from `hpack_filter'.
Inserting `Babel.pre_otfload_h' in `hpack_filter'.
Inserting `luaotfload.node_processor' in `hpack_filter'.
Inserting `luaotfload.harf.finalize_hlist' in `hpack_filter'.
\bbl@attr@dir=\attribute5
) (c:/Users/Zanon/AppData/Roaming/TinyTeX/texmf-dist/tex/generic/babel/locale/en/babel-british.tex)
Package babel Info: Importing font and identification data for 'british'
(babel)             from babel-en-GB.ini. Reported on input line 4460.
 (c:/Users/Zanon/AppData/Roaming/TinyTeX/texmf-dist/tex/generic/babel-english/british.ldf
Language: british 2017/06/06 v3.3r English support from the babel system
 (c:/Users/Zanon/AppData/Roaming/TinyTeX/texmf-dist/tex/generic/babel-english/english.ldf
Language: english 2017/06/06 v3.3r English support from the babel system
Package babel Info: Hyphen rules for 'canadian' set to \l@english
(babel)             (\language0). Reported on input line 102.
Package babel Info: Hyphen rules for 'australian' set to \l@ukenglish
(babel)             (\language4). Reported on input line 105.
Package babel Info: Hyphen rules for 'newzealand' set to \l@ukenglish
(babel)             (\language4). Reported on input line 108.
 (c:/Users/Zanon/AppData/Roaming/TinyTeX/texmf-dist/tex/generic/hyph-utf8/loadhyph/loadhyph-en-gb.tex ASCII Hyphenation patterns for British English (c:/Users/Zanon/AppData/Roaming/TinyTeX/texmf-dist/tex/generic/hyph-utf8/patterns/tex/hyph-en-gb.tex))))) (c:/Users/Zanon/AppData/Roaming/TinyTeX/texmf-dist/tex/lualatex/selnolig/selnolig.sty
=== Package selnolig, Version 0.302, Date 2015/10/26 ===
Package: selnolig 2015/10/26
(c:/Users/Zanon/AppData/Roaming/TinyTeX/texmf-dist/tex/generic/iftex/ifluatex.sty
Package: ifluatex 2019/10/25 v1.5 ifluatex legacy package. Use iftex instead.
)
Inserting `Suppress ligatures selectively' in `ligaturing'. (c:/Users/Zanon/AppData/Roaming/TinyTeX/texmf-dist/tex/lualatex/selnolig/selnolig-english-patterns.sty
Package: selnolig-english-patterns 2015/10/26
) (c:/Users/Zanon/AppData/Roaming/TinyTeX/texmf-dist/tex/lualatex/selnolig/selnolig-english-hyphex.sty
Package: selnolig-english-hyphex 2015/10/26
)) (c:/Users/Zanon/AppData/Roaming/TinyTeX/texmf-dist/tex/latex/tcolorbox/tcolorbox.sty
Package: tcolorbox 2026/05/28 version 6.10.0 text color boxes
 (c:/Users/Zanon/AppData/Roaming/TinyTeX/texmf-dist/tex/latex/pgf/frontendlayer/tikz.sty (c:/Users/Zanon/AppData/Roaming/TinyTeX/texmf-dist/tex/latex/pgf/basiclayer/pgf.sty (c:/Users/Zanon/AppData/Roaming/TinyTeX/texmf-dist/tex/latex/pgf/utilities/pgfrcs.sty (c:/Users/Zanon/AppData/Roaming/TinyTeX/texmf-dist/tex/generic/pgf/utilities/pgfutil-common.tex
\pgfutil@everybye=\toks28
\pgfutil@tempdima=\dimen193
\pgfutil@tempdimb=\dimen194
) (c:/Users/Zanon/AppData/Roaming/TinyTeX/texmf-dist/tex/generic/pgf/utilities/pgfutil-latex.def
\pgfutil@abb=\box67
) (c:/Users/Zanon/AppData/Roaming/TinyTeX/texmf-dist/tex/generic/pgf/utilities/pgfrcs.code.tex (c:/Users/Zanon/AppData/Roaming/TinyTeX/texmf-dist/tex/generic/pgf/pgf.revision.tex)
Package: pgfrcs 2026-08-01 v3.1.12 (3.1.12)
))
Package: pgf 2026-08-01 v3.1.12 (3.1.12)
 (c:/Users/Zanon/AppData/Roaming/TinyTeX/texmf-dist/tex/latex/pgf/basiclayer/pgfcore.sty (c:/Users/Zanon/AppData/Roaming/TinyTeX/texmf-dist/tex/latex/pgf/systemlayer/pgfsys.sty (c:/Users/Zanon/AppData/Roaming/TinyTeX/texmf-dist/tex/generic/pgf/systemlayer/pgfsys.code.tex
Package: pgfsys 2026-08-01 v3.1.12 (3.1.12)
 (c:/Users/Zanon/AppData/Roaming/TinyTeX/texmf-dist/tex/generic/pgf/utilities/pgfkeys.code.tex
\pgfkeys@pathtoks=\toks29
\pgfkeys@temptoks=\toks30
 (c:/Users/Zanon/AppData/Roaming/TinyTeX/texmf-dist/tex/generic/pgf/utilities/pgfkeyslibraryfiltered.code.tex
\pgfkeys@tmptoks=\toks31
))
\pgf@x=\dimen195
\pgf@y=\dimen196
\pgf@xa=\dimen197
\pgf@ya=\dimen198
\pgf@xb=\dimen199
\pgf@yb=\dimen256
\pgf@xc=\dimen257
\pgf@yc=\dimen258
\pgf@xd=\dimen259
\pgf@yd=\dimen260
\w@pgf@writea=\write3
\r@pgf@reada=\read3
\c@pgf@counta=\count332
\c@pgf@countb=\count333
\c@pgf@countc=\count334
\c@pgf@countd=\count335
\t@pgf@toka=\toks32
\t@pgf@tokb=\toks33
\t@pgf@tokc=\toks34
\pgf@sys@id@count=\count336
Lua function pgfsys@strcmp = 31 (c:/Users/Zanon/AppData/Roaming/TinyTeX/texmf-dist/tex/generic/pgf/systemlayer/pgf.cfg
File: pgf.cfg 2026-08-01 v3.1.12 (3.1.12)
)
Driver file for pgf: pgfsys-luatex.def
 (c:/Users/Zanon/AppData/Roaming/TinyTeX/texmf-dist/tex/generic/pgf/systemlayer/pgfsys-luatex.def
File: pgfsys-luatex.def 2026-08-01 v3.1.12 (3.1.12)
 (c:/Users/Zanon/AppData/Roaming/TinyTeX/texmf-dist/tex/generic/pgf/systemlayer/pgfsys-common-pdf.def
File: pgfsys-common-pdf.def 2026-08-01 v3.1.12 (3.1.12)
))) (c:/Users/Zanon/AppData/Roaming/TinyTeX/texmf-dist/tex/generic/pgf/systemlayer/pgfsyssoftpath.code.tex
File: pgfsyssoftpath.code.tex 2026-08-01 v3.1.12 (3.1.12)
\pgfsyssoftpath@smallbuffer@items=\count337
\pgfsyssoftpath@bigbuffer@items=\count338
) (c:/Users/Zanon/AppData/Roaming/TinyTeX/texmf-dist/tex/generic/pgf/systemlayer/pgfsysprotocol.code.tex
File: pgfsysprotocol.code.tex 2026-08-01 v3.1.12 (3.1.12)
)) (c:/Users/Zanon/AppData/Roaming/TinyTeX/texmf-dist/tex/generic/pgf/basiclayer/pgfcore.code.tex
Package: pgfcore 2026-08-01 v3.1.12 (3.1.12)
 (c:/Users/Zanon/AppData/Roaming/TinyTeX/texmf-dist/tex/generic/pgf/math/pgfmath.code.tex (c:/Users/Zanon/AppData/Roaming/TinyTeX/texmf-dist/tex/generic/pgf/math/pgfmathutil.code.tex) (c:/Users/Zanon/AppData/Roaming/TinyTeX/texmf-dist/tex/generic/pgf/math/pgfmathparser.code.tex
\pgfmath@dimen=\dimen261
\pgfmath@count=\count339
\pgfmath@box=\box68
\pgfmath@toks=\toks35
\pgfmath@stack@operand=\toks36
\pgfmath@stack@operation=\toks37
) (c:/Users/Zanon/AppData/Roaming/TinyTeX/texmf-dist/tex/generic/pgf/math/pgfmathfunctions.code.tex) (c:/Users/Zanon/AppData/Roaming/TinyTeX/texmf-dist/tex/generic/pgf/math/pgfmathfunctions.basic.code.tex) (c:/Users/Zanon/AppData/Roaming/TinyTeX/texmf-dist/tex/generic/pgf/math/pgfmathfunctions.trigonometric.code.tex) (c:/Users/Zanon/AppData/Roaming/TinyTeX/texmf-dist/tex/generic/pgf/math/pgfmathfunctions.random.code.tex) (c:/Users/Zanon/AppData/Roaming/TinyTeX/texmf-dist/tex/generic/pgf/math/pgfmathfunctions.comparison.code.tex) (c:/Users/Zanon/AppData/Roaming/TinyTeX/texmf-dist/tex/generic/pgf/math/pgfmathfunctions.base.code.tex) (c:/Users/Zanon/AppData/Roaming/TinyTeX/texmf-dist/tex/generic/pgf/math/pgfmathfunctions.round.code.tex) (c:/Users/Zanon/AppData/Roaming/TinyTeX/texmf-dist/tex/generic/pgf/math/pgfmathfunctions.misc.code.tex) (c:/Users/Zanon/AppData/Roaming/TinyTeX/texmf-dist/tex/generic/pgf/math/pgfmathfunctions.integerarithmetics.code.tex) (c:/Users/Zanon/AppData/Roaming/TinyTeX/texmf-dist/tex/generic/pgf/math/pgfmathcalc.code.tex) (c:/Users/Zanon/AppData/Roaming/TinyTeX/texmf-dist/tex/generic/pgf/math/pgfmathfloat.code.tex
\c@pgfmathroundto@lastzeros=\count340
)) (c:/Users/Zanon/AppData/Roaming/TinyTeX/texmf-dist/tex/generic/pgf/math/pgfint.code.tex) (c:/Users/Zanon/AppData/Roaming/TinyTeX/texmf-dist/tex/generic/pgf/basiclayer/pgfcorepoints.code.tex
File: pgfcorepoints.code.tex 2026-08-01 v3.1.12 (3.1.12)
\pgf@picminx=\dimen262
\pgf@picmaxx=\dimen263
\pgf@picminy=\dimen264
\pgf@picmaxy=\dimen265
\pgf@pathminx=\dimen266
\pgf@pathmaxx=\dimen267
\pgf@pathminy=\dimen268
\pgf@pathmaxy=\dimen269
\pgf@xx=\dimen270
\pgf@xy=\dimen271
\pgf@yx=\dimen272
\pgf@yy=\dimen273
\pgf@zx=\dimen274
\pgf@zy=\dimen275
) (c:/Users/Zanon/AppData/Roaming/TinyTeX/texmf-dist/tex/generic/pgf/basiclayer/pgfcorepathconstruct.code.tex
File: pgfcorepathconstruct.code.tex 2026-08-01 v3.1.12 (3.1.12)
\pgf@path@lastx=\dimen276
\pgf@path@lasty=\dimen277
) (c:/Users/Zanon/AppData/Roaming/TinyTeX/texmf-dist/tex/generic/pgf/basiclayer/pgfcorepathusage.code.tex
File: pgfcorepathusage.code.tex 2026-08-01 v3.1.12 (3.1.12)
\pgf@shorten@end@additional=\dimen278
\pgf@shorten@start@additional=\dimen279
) (c:/Users/Zanon/AppData/Roaming/TinyTeX/texmf-dist/tex/generic/pgf/basiclayer/pgfcorescopes.code.tex
File: pgfcorescopes.code.tex 2026-08-01 v3.1.12 (3.1.12)
\pgfpic=\box69
\pgf@hbox=\box70
\pgf@layerbox@main=\box71
\pgf@picture@serial@count=\count341
) (c:/Users/Zanon/AppData/Roaming/TinyTeX/texmf-dist/tex/generic/pgf/basiclayer/pgfcoregraphicstate.code.tex
File: pgfcoregraphicstate.code.tex 2026-08-01 v3.1.12 (3.1.12)
\pgflinewidth=\dimen280
) (c:/Users/Zanon/AppData/Roaming/TinyTeX/texmf-dist/tex/generic/pgf/basiclayer/pgfcoretransformations.code.tex
File: pgfcoretransformations.code.tex 2026-08-01 v3.1.12 (3.1.12)
\pgf@pt@x=\dimen281
\pgf@pt@y=\dimen282
\pgf@pt@temp=\dimen283
) (c:/Users/Zanon/AppData/Roaming/TinyTeX/texmf-dist/tex/generic/pgf/basiclayer/pgfcorequick.code.tex
File: pgfcorequick.code.tex 2026-08-01 v3.1.12 (3.1.12)
) (c:/Users/Zanon/AppData/Roaming/TinyTeX/texmf-dist/tex/generic/pgf/basiclayer/pgfcoreobjects.code.tex
File: pgfcoreobjects.code.tex 2026-08-01 v3.1.12 (3.1.12)
) (c:/Users/Zanon/AppData/Roaming/TinyTeX/texmf-dist/tex/generic/pgf/basiclayer/pgfcorepathprocessing.code.tex
File: pgfcorepathprocessing.code.tex 2026-08-01 v3.1.12 (3.1.12)
) (c:/Users/Zanon/AppData/Roaming/TinyTeX/texmf-dist/tex/generic/pgf/basiclayer/pgfcorearrows.code.tex
File: pgfcorearrows.code.tex 2026-08-01 v3.1.12 (3.1.12)
\pgfarrowsep=\dimen284
) (c:/Users/Zanon/AppData/Roaming/TinyTeX/texmf-dist/tex/generic/pgf/basiclayer/pgfcoreshade.code.tex
File: pgfcoreshade.code.tex 2026-08-01 v3.1.12 (3.1.12)
\pgf@max=\dimen285
\pgf@sys@shading@range@num=\count342
\pgf@shadingcount=\count343
) (c:/Users/Zanon/AppData/Roaming/TinyTeX/texmf-dist/tex/generic/pgf/basiclayer/pgfcoreimage.code.tex
File: pgfcoreimage.code.tex 2026-08-01 v3.1.12 (3.1.12)
) (c:/Users/Zanon/AppData/Roaming/TinyTeX/texmf-dist/tex/generic/pgf/basiclayer/pgfcoreexternal.code.tex
File: pgfcoreexternal.code.tex 2026-08-01 v3.1.12 (3.1.12)
\pgfexternal@startupbox=\box72
) (c:/Users/Zanon/AppData/Roaming/TinyTeX/texmf-dist/tex/generic/pgf/basiclayer/pgfcorelayers.code.tex
File: pgfcorelayers.code.tex 2026-08-01 v3.1.12 (3.1.12)
) (c:/Users/Zanon/AppData/Roaming/TinyTeX/texmf-dist/tex/generic/pgf/basiclayer/pgfcoretransparency.code.tex
File: pgfcoretransparency.code.tex 2026-08-01 v3.1.12 (3.1.12)
) (c:/Users/Zanon/AppData/Roaming/TinyTeX/texmf-dist/tex/generic/pgf/basiclayer/pgfcorepatterns.code.tex
File: pgfcorepatterns.code.tex 2026-08-01 v3.1.12 (3.1.12)
) (c:/Users/Zanon/AppData/Roaming/TinyTeX/texmf-dist/tex/generic/pgf/basiclayer/pgfcorerdf.code.tex
File: pgfcorerdf.code.tex 2026-08-01 v3.1.12 (3.1.12)
))) (c:/Users/Zanon/AppData/Roaming/TinyTeX/texmf-dist/tex/generic/pgf/modules/pgfmoduleshapes.code.tex
File: pgfmoduleshapes.code.tex 2026-08-01 v3.1.12 (3.1.12)
\pgfnodeparttextbox=\box73
) (c:/Users/Zanon/AppData/Roaming/TinyTeX/texmf-dist/tex/generic/pgf/modules/pgfmoduleplot.code.tex
File: pgfmoduleplot.code.tex 2026-08-01 v3.1.12 (3.1.12)
) (c:/Users/Zanon/AppData/Roaming/TinyTeX/texmf-dist/tex/latex/pgf/compatibility/pgfcomp-version-0-65.sty
Package: pgfcomp-version-0-65 2026-08-01 v3.1.12 (3.1.12)
\pgf@nodesepstart=\dimen286
\pgf@nodesepend=\dimen287
) (c:/Users/Zanon/AppData/Roaming/TinyTeX/texmf-dist/tex/latex/pgf/compatibility/pgfcomp-version-1-18.sty
Package: pgfcomp-version-1-18 2026-08-01 v3.1.12 (3.1.12)
)) (c:/Users/Zanon/AppData/Roaming/TinyTeX/texmf-dist/tex/latex/pgf/utilities/pgffor.sty (c:/Users/Zanon/AppData/Roaming/TinyTeX/texmf-dist/tex/latex/pgf/utilities/pgfkeys.sty (c:/Users/Zanon/AppData/Roaming/TinyTeX/texmf-dist/tex/generic/pgf/utilities/pgfkeys.code.tex)) (c:/Users/Zanon/AppData/Roaming/TinyTeX/texmf-dist/tex/latex/pgf/math/pgfmath.sty (c:/Users/Zanon/AppData/Roaming/TinyTeX/texmf-dist/tex/generic/pgf/math/pgfmath.code.tex)) (c:/Users/Zanon/AppData/Roaming/TinyTeX/texmf-dist/tex/generic/pgf/utilities/pgffor.code.tex
Package: pgffor 2026-08-01 v3.1.12 (3.1.12)
\pgffor@iter=\dimen288
\pgffor@skip=\dimen289
\pgffor@stack=\toks38
\pgffor@toks=\toks39
)) (c:/Users/Zanon/AppData/Roaming/TinyTeX/texmf-dist/tex/generic/pgf/frontendlayer/tikz/tikz.code.tex
Package: tikz 2026-08-01 v3.1.12 (3.1.12)
 (c:/Users/Zanon/AppData/Roaming/TinyTeX/texmf-dist/tex/generic/pgf/libraries/pgflibraryplothandlers.code.tex
File: pgflibraryplothandlers.code.tex 2026-08-01 v3.1.12 (3.1.12)
\pgf@plot@mark@count=\count344
\pgfplotmarksize=\dimen290
)
\tikz@lastx=\dimen291
\tikz@lasty=\dimen292
\tikz@lastxsaved=\dimen293
\tikz@lastysaved=\dimen294
\tikz@lastmovetox=\dimen295
\tikz@lastmovetoy=\dimen296
\tikzleveldistance=\dimen297
\tikzsiblingdistance=\dimen298
\tikz@figbox=\box74
\tikz@figbox@bg=\box75
\tikz@tempbox=\box76
\tikz@tempbox@bg=\box77
\tikztreelevel=\count345
\tikznumberofchildren=\count346
\tikznumberofcurrentchild=\count347
\tikz@fig@count=\count348
 (c:/Users/Zanon/AppData/Roaming/TinyTeX/texmf-dist/tex/generic/pgf/modules/pgfmodulematrix.code.tex
File: pgfmodulematrix.code.tex 2026-08-01 v3.1.12 (3.1.12)
\pgfmatrixcurrentrow=\count349
\pgfmatrixcurrentcolumn=\count350
\pgf@matrix@numberofcolumns=\count351
)
\tikz@expandcount=\count352
 (c:/Users/Zanon/AppData/Roaming/TinyTeX/texmf-dist/tex/generic/pgf/frontendlayer/tikz/libraries/tikzlibrarytopaths.code.tex
File: tikzlibrarytopaths.code.tex 2026-08-01 v3.1.12 (3.1.12)
))) (c:/Users/Zanon/AppData/Roaming/TinyTeX/texmf-dist/tex/latex/tools/verbatim.sty
Package: verbatim 2024-01-22 v1.5x LaTeX2e package for verbatim enhancements
\every@verbatim=\toks40
\verbatim@line=\toks41
\verbatim@in@stream=\read4
) (c:/Users/Zanon/AppData/Roaming/TinyTeX/texmf-dist/tex/latex/environ/environ.sty
Package: environ 2014/05/04 v0.3 A new way to define environments
 (c:/Users/Zanon/AppData/Roaming/TinyTeX/texmf-dist/tex/latex/trimspaces/trimspaces.sty
Package: trimspaces 2009/09/17 v1.1 Trim spaces around a token list
))
\tcb@titlebox=\box78
\tcb@upperbox=\box79
\tcb@lowerbox=\box80
\tcb@phantombox=\box81
\c@tcbbreakpart=\count353
\c@tcblayer=\count354
\c@tcolorbox@number=\count355
\l__tcobox_tmpa_box=\box82
\l__tcobox_tmpa_dim=\dimen299
\tcb@temp=\box83
\tcb@temp=\box84
\tcb@temp=\box85
\tcb@temp=\box86
 (c:/Users/Zanon/AppData/Roaming/TinyTeX/texmf-dist/tex/latex/tcolorbox/tcbskins.code.tex
Library (tcolorbox): 'tcbskins.code.tex' version '6.10.0'
(c:/Users/Zanon/AppData/Roaming/TinyTeX/texmf-dist/tex/latex/tikzfill/tikzfill.image.sty
Package: tikzfill.image 2026/04/23 v1.2.0 Image filling library for TikZ
 (c:/Users/Zanon/AppData/Roaming/TinyTeX/texmf-dist/tex/latex/tikzfill/tikzlibraryfill.image.code.tex
File: tikzlibraryfill.image.code.tex 2026/04/23 v1.2.0 Image filling library
\l__tikzfill_tmpa_dim=\dimen300
\l__tikzfill_tmpb_dim=\dimen301
\l__tikzfill_img_box=\box87
)) (c:/Users/Zanon/AppData/Roaming/TinyTeX/texmf-dist/tex/latex/tcolorbox/tcbskinsjigsaw.code.tex
Library (tcolorbox): 'tcbskinsjigsaw.code.tex' version '6.10.0'
)) (c:/Users/Zanon/AppData/Roaming/TinyTeX/texmf-dist/tex/latex/tcolorbox/tcbbreakable.code.tex
Library (tcolorbox): 'tcbbreakable.code.tex' version '6.10.0'
(c:/Users/Zanon/AppData/Roaming/TinyTeX/texmf-dist/tex/latex/pdfcol/pdfcol.sty
Package: pdfcol 2026-06-20 v1.8 Handle new color stacks for pdfTeX (HO)
 (c:/Users/Zanon/AppData/Roaming/TinyTeX/texmf-dist/tex/generic/ltxcmds/ltxcmds.sty
Package: ltxcmds 2023-12-04 v1.26 LaTeX kernel commands for general use (HO)
) (c:/Users/Zanon/AppData/Roaming/TinyTeX/texmf-dist/tex/generic/infwarerr/infwarerr.sty
Package: infwarerr 2019/12/03 v1.5 Providing info/warning/error messages (HO)
))
Package pdfcol Info: New color stack `tcb@breakable' = 1 on input line 23.
\tcb@testbox=\box88
\tcb@totalupperbox=\box89
\tcb@totallowerbox=\box90
)) (c:/Users/Zanon/AppData/Roaming/TinyTeX/texmf-dist/tex/latex/fontawesome5/fontawesome5.sty
Package: fontawesome5 2022/05/02 v5.15.4 Font Awesome 5
 (c:/Users/Zanon/AppData/Roaming/TinyTeX/texmf-dist/tex/latex/fontawesome5/fontawesome5-utex-helper.sty
Package: fontawesome5-utex-helper 2022/05/02 v5.15.4 uTeX helper for fontawesome5
LaTeX Font Info:    Trying to load font information for TU+fontawesomefree on input line 69.
 (c:/Users/Zanon/AppData/Roaming/TinyTeX/texmf-dist/tex/latex/fontawesome5/tufontawesomefree.fd)
LaTeX Font Info:    Trying to load font information for TU+fontawesomebrands on input line 70.
 (c:/Users/Zanon/AppData/Roaming/TinyTeX/texmf-dist/tex/latex/fontawesome5/tufontawesomebrands.fd))) (c:/Users/Zanon/AppData/Roaming/TinyTeX/texmf-dist/tex/latex/bookmark/bookmark.sty
Package: bookmark 2026-05-21 v1.32 PDF bookmarks (HO)
 (c:/Users/Zanon/AppData/Roaming/TinyTeX/texmf-dist/tex/latex/hyperref/hyperref.sty
Package: hyperref 2026-06-17 v7.01r Hypertext links for LaTeX
 (c:/Users/Zanon/AppData/Roaming/TinyTeX/texmf-dist/tex/latex/kvsetkeys/kvsetkeys.sty
Package: kvsetkeys 2022-10-05 v1.19 Key value parser (HO)
) (c:/Users/Zanon/AppData/Roaming/TinyTeX/texmf-dist/tex/generic/kvdefinekeys/kvdefinekeys.sty
Package: kvdefinekeys 2019-12-19 v1.6 Define keys (HO)
) (c:/Users/Zanon/AppData/Roaming/TinyTeX/texmf-dist/tex/generic/pdfescape/pdfescape.sty
Package: pdfescape 2019/12/09 v1.15 Implements pdfTeX's escape features (HO)
 (c:/Users/Zanon/AppData/Roaming/TinyTeX/texmf-dist/tex/generic/pdftexcmds/pdftexcmds.sty
Package: pdftexcmds 2020-06-27 v0.33 Utility functions of pdfTeX for LuaTeX (HO)
Package pdftexcmds Info: \pdf@primitive is available.
Package pdftexcmds Info: \pdf@ifprimitive is available.
Package pdftexcmds Info: \pdfdraftmode found.
\pdftexcmds@toks=\toks42
)) (c:/Users/Zanon/AppData/Roaming/TinyTeX/texmf-dist/tex/latex/hycolor/hycolor.sty
Package: hycolor 2020-01-27 v1.10 Color options for hyperref/bookmark (HO)
) (c:/Users/Zanon/AppData/Roaming/TinyTeX/texmf-dist/tex/latex/hyperref/nameref.sty
Package: nameref 2026-01-29 v2.58 Cross-referencing by name of section
 (c:/Users/Zanon/AppData/Roaming/TinyTeX/texmf-dist/tex/latex/refcount/refcount.sty
Package: refcount 2019/12/15 v3.6 Data extraction from label references (HO)
) (c:/Users/Zanon/AppData/Roaming/TinyTeX/texmf-dist/tex/generic/gettitlestring/gettitlestring.sty
Package: gettitlestring 2019/12/15 v1.6 Cleanup title references (HO)
 (c:/Users/Zanon/AppData/Roaming/TinyTeX/texmf-dist/tex/latex/kvoptions/kvoptions.sty
Package: kvoptions 2022-06-15 v3.15 Key value format for package options (HO)
))
\c@section@level=\count356
) (c:/Users/Zanon/AppData/Roaming/TinyTeX/texmf-dist/tex/generic/stringenc/stringenc.sty
Package: stringenc 2019/11/29 v1.12 Convert strings between diff. encodings (HO)
)
\@linkdim=\dimen302
\Hy@linkcounter=\count357
\Hy@pagecounter=\count358
 (c:/Users/Zanon/AppData/Roaming/TinyTeX/texmf-dist/tex/latex/hyperref/pd1enc.def
File: pd1enc.def 2026-06-17 v7.01r Hyperref: PDFDocEncoding definition (HO)
) (c:/Users/Zanon/AppData/Roaming/TinyTeX/texmf-dist/tex/generic/intcalc/intcalc.sty
Package: intcalc 2019/12/15 v1.3 Expandable calculations with integers (HO)
)
\Hy@SavedSpaceFactor=\count359
 (c:/Users/Zanon/AppData/Roaming/TinyTeX/texmf-dist/tex/latex/hyperref/puenc.def
File: puenc.def 2026-06-17 v7.01r Hyperref: PDF Unicode definition (HO)
)
Package hyperref Info: Option `unicode' set `true' on input line 4070.
Package hyperref Info: Hyper figures OFF on input line 4199.
Package hyperref Info: Link nesting OFF on input line 4204.
Package hyperref Info: Hyper index ON on input line 4207.
Package hyperref Info: Plain pages OFF on input line 4214.
Package hyperref Info: Backreferencing OFF on input line 4219.
Package hyperref Info: Implicit mode ON; LaTeX internals redefined.
Package hyperref Info: Bookmarks ON on input line 4466.
\c@Hy@tempcnt=\count360
 (c:/Users/Zanon/AppData/Roaming/TinyTeX/texmf-dist/tex/latex/url/url.sty
\Urlmuskip=\muskip19
Package: url 2013/09/16  ver 3.4  Verb mode for urls, etc.
)
LaTeX Info: Redefining \url on input line 4805.
\XeTeXLinkMargin=\dimen303
 (c:/Users/Zanon/AppData/Roaming/TinyTeX/texmf-dist/tex/generic/bitset/bitset.sty
Package: bitset 2019/12/09 v1.3 Handle bit-vector datatype (HO)
 (c:/Users/Zanon/AppData/Roaming/TinyTeX/texmf-dist/tex/generic/bigintcalc/bigintcalc.sty
Package: bigintcalc 2019/12/15 v1.5 Expandable calculations on big integers (HO)
))
\Fld@menulength=\count361
\Field@Width=\dimen304
\Fld@charsize=\dimen305
Package hyperref Info: Hyper figures OFF on input line 6091.
Package hyperref Info: Link nesting OFF on input line 6096.
Package hyperref Info: Hyper index ON on input line 6099.
Package hyperref Info: backreferencing OFF on input line 6106.
Package hyperref Info: Link coloring OFF on input line 6111.
Package hyperref Info: Link coloring with OCG OFF on input line 6116.
Package hyperref Info: PDF/A mode OFF on input line 6121.
\Hy@abspage=\count362
\c@Item=\count363
\c@Hfootnote=\count364
)
Package hyperref Info: Driver (autodetected): hluatex.
 (c:/Users/Zanon/AppData/Roaming/TinyTeX/texmf-dist/tex/latex/hyperref/hluatex.def
File: hluatex.def 2026-06-17 v7.01r Hyperref driver for luaTeX
\Fld@listcount=\count365
\c@bookmark@seq@number=\count366
 (c:/Users/Zanon/AppData/Roaming/TinyTeX/texmf-dist/tex/latex/rerunfilecheck/rerunfilecheck.sty
Package: rerunfilecheck 2025-06-21 v1.11 Rerun checks for auxiliary files (HO)
 (c:/Users/Zanon/AppData/Roaming/TinyTeX/texmf-dist/tex/generic/uniquecounter/uniquecounter.sty
Package: uniquecounter 2019/12/15 v1.4 Provide unlimited unique counter (HO)
)
Package uniquecounter Info: New unique counter `rerunfilecheck' on input line 284.
)
\Hy@SectionHShift=\skip81
) (c:/Users/Zanon/AppData/Roaming/TinyTeX/texmf-dist/tex/latex/bookmark/bkm-luatex.def
File: bkm-luatex.def 2026-05-21 v1.32 bookmark driver for luaTeX (HO)
\BKM@id=\count367
)) (c:/Users/Zanon/AppData/Roaming/TinyTeX/texmf-dist/tex/latex/caption/caption.sty
Package: caption 2023/08/05 v3.6o Customizing captions (AR)

Package tocbasic Info: Loading of class-dependent code for package caption3
(tocbasic)             prevented on line 50.

 (c:/Users/Zanon/AppData/Roaming/TinyTeX/texmf-dist/tex/latex/caption/caption3.sty
Package: caption3 2023/07/31 v2.4d caption3 kernel (AR)
\caption@tempdima=\dimen306
\captionmargin=\dimen307
\caption@leftmargin=\dimen308
\caption@rightmargin=\dimen309
\caption@width=\dimen310
\caption@indent=\dimen311
\caption@parindent=\dimen312
\caption@hangindent=\dimen313
)
\c@caption@flags=\count368
\c@continuedfloat=\count369
Package caption Info: hyperref package is loaded.
Package caption Info: longtable package is loaded.
 (c:/Users/Zanon/AppData/Roaming/TinyTeX/texmf-dist/tex/latex/caption/ltcaption.sty
Package: ltcaption 2021/01/08 v1.4c longtable captions (AR)
)) (c:/Users/Zanon/AppData/Roaming/TinyTeX/texmf-dist/tex/latex/float/float.sty
Package: float 2001/11/08 v1.3d Float enhancements (AL)
\c@float@type=\count370
\float@exts=\toks43
\float@box=\box91
\@float@everytoks=\toks44
\@floatcapt=\box92
)
\@float@every@codelisting=\toks45
\c@codelisting=\count371
 (c:/Users/Zanon/AppData/Roaming/TinyTeX/texmf-dist/tex/latex/caption/subcaption.sty
Package: subcaption 2023/07/28 v1.6b Sub-captions (AR)
Package caption Info: New subtype `subfigure' on input line 238.
\c@subfigure=\count372
Package caption Info: New subtype `subtable' on input line 238.
\c@subtable=\count373
)
Package hyperref Info: Option `colorlinks' set `true' on input line 229.
 (d:/09_GIT_PROJECTS/MVAcademy-org/Editor/_build/staging/handbook/Machine-Vision-Engineering-Handbook.aux)
\openout1 = Machine-Vision-Engineering-Handbook.aux

LaTeX Font Info:    Checking defaults for OML/cmm/m/it on input line 273.
LaTeX Font Info:    ... okay on input line 273.
LaTeX Font Info:    Checking defaults for OMS/cmsy/m/n on input line 273.
LaTeX Font Info:    ... okay on input line 273.
LaTeX Font Info:    Checking defaults for OT1/cmr/m/n on input line 273.
LaTeX Font Info:    ... okay on input line 273.
LaTeX Font Info:    Checking defaults for T1/cmr/m/n on input line 273.
LaTeX Font Info:    ... okay on input line 273.
LaTeX Font Info:    Checking defaults for TS1/cmr/m/n on input line 273.
LaTeX Font Info:    ... okay on input line 273.
LaTeX Font Info:    Checking defaults for TU/lmr/m/n on input line 273.
LaTeX Font Info:    ... okay on input line 273.
LaTeX Font Info:    Checking defaults for OMX/cmex/m/n on input line 273.
LaTeX Font Info:    ... okay on input line 273.
LaTeX Font Info:    Checking defaults for U/cmr/m/n on input line 273.
LaTeX Font Info:    ... okay on input line 273.
LaTeX Font Info:    Checking defaults for PD1/pdf/m/n on input line 273.
LaTeX Font Info:    ... okay on input line 273.
LaTeX Font Info:    Checking defaults for PU/pdf/m/n on input line 273.
LaTeX Font Info:    ... okay on input line 273.
Package scrbase Info: activating british \partname on input line 273.
Package scrbase Info: activating british \chaptername on input line 273.
Package scrbase Info: activating british \appendixname on input line 273.
Package scrbase Info: activating british \figurename on input line 273.
Package scrbase Info: activating british \tablename on input line 273.
Package scrbase Info: activating british \contentsname on input line 273.
Package scrbase Info: activating british \listfigurename on input line 273.
Package scrbase Info: activating british \listtablename on input line 273.
Package scrbase Info: activating british \bibname on input line 273.
Package scrbase Info: activating british \indexname on input line 273.
 (c:/Users/Zanon/AppData/Roaming/TinyTeX/texmf-dist/tex/latex/epstopdf-pkg/epstopdf-base.sty
Package: epstopdf-base 2020-01-24 v2.11 Base part for package epstopdf
Package epstopdf-base Info: Redefining graphics rule for `.eps' on input line 485.
 (c:/Users/Zanon/AppData/Roaming/TinyTeX/texmf-dist/tex/latex/latexconfig/epstopdf-sys.cfg
File: epstopdf-sys.cfg 2010/07/13 v1.3 Configuration of (r)epstopdf for TeX Live
))
*geometry* driver: auto-detecting
*geometry* detected driver: luatex
*geometry* verbose mode - [ preamble ] result:
* driver: luatex
* paper: custom
* layout: <same size as paper>
* layoutoffset:(h,v)=(0.0pt,0.0pt)
* modes: twoside 
* h-part:(L,W,R)=(62.59605pt, 483.69687pt, 51.21495pt)
* v-part:(T,H,B)=(56.9055pt, 731.23584pt, 56.9055pt)
* \paperwidth=597.50787pt
* \paperheight=845.04684pt
* \textwidth=483.69687pt
* \textheight=731.23584pt
* \oddsidemargin=-9.67393pt
* \evensidemargin=-21.05504pt
* \topmargin=-52.7645pt
* \headheight=17.0pt
* \headsep=20.40001pt
* \topskip=11.0pt
* \footskip=47.6pt
* \marginparwidth=131.63463pt
* \marginparsep=12.8401pt
* \columnsep=10.0pt
* \skip\footins=10.0pt plus 4.0pt minus 2.0pt
* \hoffset=0.0pt
* \voffset=0.0pt
* \mag=1000
* \@twocolumnfalse
* \@twosidetrue
* \@mparswitchtrue
* \@reversemarginfalse
* (1in=72.27pt=25.4mm, 1cm=28.453pt)

LaTeX Font Info:    Overwriting math alphabet `\mathrm' in version `normal'
(Font)                  OT1/lmr/m/n --> TU/lmr/m/n on input line 273.
LaTeX Font Info:    Overwriting math alphabet `\mathit' in version `normal'
(Font)                  OT1/lmr/m/it --> TU/lmr/m/it on input line 273.
LaTeX Font Info:    Overwriting math alphabet `\mathbf' in version `normal'
(Font)                  OT1/lmr/bx/n --> TU/lmr/bx/n on input line 273.
LaTeX Font Info:    Overwriting math alphabet `\mathsf' in version `normal'
(Font)                  OT1/lmss/m/n --> TU/lmss/m/n on input line 273.
LaTeX Font Info:    Overwriting math alphabet `\mathsf' in version `bold'
(Font)                  OT1/lmss/bx/n --> TU/lmss/bx/n on input line 273.
LaTeX Font Info:    Overwriting math alphabet `\mathtt' in version `normal'
(Font)                  OT1/lmtt/m/n --> TU/lmtt/m/n on input line 273.
LaTeX Font Info:    Overwriting math alphabet `\mathtt' in version `bold'
(Font)                  OT1/lmtt/m/n --> TU/lmtt/bx/n on input line 273.

Package fontspec Info: 
(fontspec)             latinmodern-math scale = 0.9999967668407183.


Package fontspec Info: 
(fontspec)             latinmodern-math scale = 0.9999967668407183.


Package fontspec Info: 
(fontspec)             latinmodern-math scale = 0.9999967668407183.


Package fontspec Info: 
(fontspec)             Font family 'latinmodern-math.otf(0)' created for font
(fontspec)             'latinmodern-math.otf' with options
(fontspec)             [Scale=MatchLowercase,Renderer=Basic,BoldItalicFont={},ItalicFont={},SmallCapsFont={},Script=Math,RawFeature={mathfontdimen=xetex},BoldFont={latinmodern-math.otf}].
(fontspec)              
(fontspec)              This font family consists of the following NFSS
(fontspec)             series/shapes:
(fontspec)              
(fontspec)             - 'normal' (m/n) with NFSS spec.:
(fontspec)             <->s*[0.9999967668407183]"[latinmodern-math.otf]:mode=base;script=math;language=dflt;mathfontdimen=xetex;"
(fontspec)             - 'bold' (b/n) with NFSS spec.:
(fontspec)             <->s*[0.9999967668407183]"[latinmodern-math.otf]:mode=base;script=math;language=dflt;mathfontdimen=xetex;"

LaTeX Font Info:    Font shape `TU/latinmodern-math.otf(0)/m/n' will be
(Font)              scaled to size 10.95pt on input line 273.

Package fontspec Info: 
(fontspec)             latinmodern-math scale = 0.9999967668407183.


Package fontspec Info: 
(fontspec)             latinmodern-math scale = 0.9999967668407183.


Package fontspec Info: 
(fontspec)             latinmodern-math scale = 0.9999967668407183.


Package fontspec Info: 
(fontspec)             latinmodern-math scale = 0.9999967668407183.


Package fontspec Info: 
(fontspec)             latinmodern-math scale = 0.9999967668407183.


Package fontspec Info: 
(fontspec)             Font family 'latinmodern-math.otf(1)' created for font
(fontspec)             'latinmodern-math.otf' with options
(fontspec)             [Scale=MatchLowercase,Renderer=Basic,BoldItalicFont={},ItalicFont={},SmallCapsFont={},Script=Math,SizeFeatures={{Size=9.3075-},{Size=6.57-9.3075,Font=latinmodern-math.otf,Style=MathScript},{Size=-6.57,Font=latinmodern-math.otf,Style=MathScriptScript}},RawFeature={mathfontdimen=xetex},BoldFont={latinmodern-math.otf}].
(fontspec)              
(fontspec)              This font family consists of the following NFSS
(fontspec)             series/shapes:
(fontspec)              
(fontspec)             - 'normal' (m/n) with NFSS spec.:
(fontspec)             <9.3075->s*[0.9999967668407183]"[latinmodern-math.otf]:mode=base;script=math;language=dflt;mathfontdimen=xetex;"<6.57-9.3075>s*[0.9999967668407183]"[latinmodern-math.otf]:mode=base;script=math;language=dflt;mathfontdimen=xetex;+ssty=0;"<-6.57>s*[0.9999967668407183]"[latinmodern-math.otf]:mode=base;script=math;language=dflt;mathfontdimen=xetex;+ssty=1;"
(fontspec)             - 'bold' (b/n) with NFSS spec.:
(fontspec)             <->s*[0.9999967668407183]"[latinmodern-math.otf]:mode=base;script=math;language=dflt;mathfontdimen=xetex;"

LaTeX Font Info:    Font shape `TU/latinmodern-math.otf(1)/m/n' will be
(Font)              scaled to size 10.95pt on input line 273.
LaTeX Font Info:    Encoding `OT1' has changed to `TU' for symbol font
(Font)              `operators' in the math version `normal' on input line 273.
LaTeX Font Info:    Overwriting symbol font `operators' in version `normal'
(Font)                  OT1/lmr/m/n --> TU/latinmodern-math.otf(1)/m/n on input line 273.
LaTeX Font Info:    Encoding `OT1' has changed to `TU' for symbol font
(Font)              `operators' in the math version `bold' on input line 273.
LaTeX Font Info:    Overwriting symbol font `operators' in version `bold'
(Font)                  OT1/lmr/bx/n --> TU/latinmodern-math.otf(1)/b/n on input line 273.

Package fontspec Info: 
(fontspec)             latinmodern-math scale = 0.9999967668407183.


Package fontspec Info: 
(fontspec)             latinmodern-math scale = 0.9999967668407183.


Package fontspec Info: 
(fontspec)             latinmodern-math scale = 0.9999967668407183.


Package fontspec Info: 
(fontspec)             latinmodern-math scale = 0.9999967668407183.


Package fontspec Info: 
(fontspec)             latinmodern-math scale = 0.9999967668407183.


Package fontspec Info: 
(fontspec)             Font family 'latinmodern-math.otf(2)' created for font
(fontspec)             'latinmodern-math.otf' with options
(fontspec)             [Scale=MatchLowercase,Renderer=Basic,BoldItalicFont={},ItalicFont={},SmallCapsFont={},Script=Math,SizeFeatures={{Size=9.3075-},{Size=6.57-9.3075,Font=latinmodern-math.otf,Style=MathScript},{Size=-6.57,Font=latinmodern-math.otf,Style=MathScriptScript}},RawFeature={mathfontdimen=xetex},BoldFont={latinmodern-math.otf},RawFeature={mathfontdimen=tex2}].
(fontspec)              
(fontspec)              This font family consists of the following NFSS
(fontspec)             series/shapes:
(fontspec)              
(fontspec)             - 'normal' (m/n) with NFSS spec.:
(fontspec)             <9.3075->s*[0.9999967668407183]"[latinmodern-math.otf]:mode=base;script=math;language=dflt;mathfontdimen=xetex;mathfontdimen=tex2;"<6.57-9.3075>s*[0.9999967668407183]"[latinmodern-math.otf]:mode=base;script=math;language=dflt;mathfontdimen=xetex;mathfontdimen=tex2;+ssty=0;"<-6.57>s*[0.9999967668407183]"[latinmodern-math.otf]:mode=base;script=math;language=dflt;mathfontdimen=xetex;mathfontdimen=tex2;+ssty=1;"
(fontspec)             - 'bold' (b/n) with NFSS spec.:
(fontspec)             <->s*[0.9999967668407183]"[latinmodern-math.otf]:mode=base;script=math;language=dflt;mathfontdimen=xetex;mathfontdimen=tex2;"

LaTeX Font Info:    Encoding `OMS' has changed to `TU' for symbol font
(Font)              `symbols' in the math version `normal' on input line 273.
LaTeX Font Info:    Overwriting symbol font `symbols' in version `normal'
(Font)                  OMS/lmsy/m/n --> TU/latinmodern-math.otf(2)/m/n on input line 273.
LaTeX Font Info:    Encoding `OMS' has changed to `TU' for symbol font
(Font)              `symbols' in the math version `bold' on input line 273.
LaTeX Font Info:    Overwriting symbol font `symbols' in version `bold'
(Font)                  OMS/lmsy/b/n --> TU/latinmodern-math.otf(2)/b/n on input line 273.

Package fontspec Info: 
(fontspec)             latinmodern-math scale = 0.9999967668407183.


Package fontspec Info: 
(fontspec)             latinmodern-math scale = 0.9999967668407183.


Package fontspec Info: 
(fontspec)             latinmodern-math scale = 0.9999967668407183.


Package fontspec Info: 
(fontspec)             latinmodern-math scale = 0.9999967668407183.


Package fontspec Info: 
(fontspec)             latinmodern-math scale = 0.9999967668407183.


Package fontspec Info: 
(fontspec)             Font family 'latinmodern-math.otf(3)' created for font
(fontspec)             'latinmodern-math.otf' with options
(fontspec)             [Scale=MatchLowercase,Renderer=Basic,BoldItalicFont={},ItalicFont={},SmallCapsFont={},Script=Math,SizeFeatures={{Size=9.3075-},{Size=6.57-9.3075,Font=latinmodern-math.otf,Style=MathScript},{Size=-6.57,Font=latinmodern-math.otf,Style=MathScriptScript}},RawFeature={mathfontdimen=xetex},BoldFont={latinmodern-math.otf},RawFeature={mathfontdimen=tex3}].
(fontspec)              
(fontspec)              This font family consists of the following NFSS
(fontspec)             series/shapes:
(fontspec)              
(fontspec)             - 'normal' (m/n) with NFSS spec.:
(fontspec)             <9.3075->s*[0.9999967668407183]"[latinmodern-math.otf]:mode=base;script=math;language=dflt;mathfontdimen=xetex;mathfontdimen=tex3;"<6.57-9.3075>s*[0.9999967668407183]"[latinmodern-math.otf]:mode=base;script=math;language=dflt;mathfontdimen=xetex;mathfontdimen=tex3;+ssty=0;"<-6.57>s*[0.9999967668407183]"[latinmodern-math.otf]:mode=base;script=math;language=dflt;mathfontdimen=xetex;mathfontdimen=tex3;+ssty=1;"
(fontspec)             - 'bold' (b/n) with NFSS spec.:
(fontspec)             <->s*[0.9999967668407183]"[latinmodern-math.otf]:mode=base;script=math;language=dflt;mathfontdimen=xetex;mathfontdimen=tex3;"

LaTeX Font Info:    Encoding `OMX' has changed to `TU' for symbol font
(Font)              `largesymbols' in the math version `normal' on input line 273.
LaTeX Font Info:    Overwriting symbol font `largesymbols' in version `normal'
(Font)                  OMX/lmex/m/n --> TU/latinmodern-math.otf(3)/m/n on input line 273.
LaTeX Font Info:    Encoding `OMX' has changed to `TU' for symbol font
(Font)              `largesymbols' in the math version `bold' on input line 273.
LaTeX Font Info:    Overwriting symbol font `largesymbols' in version `bold'
(Font)                  OMX/lmex/m/n --> TU/latinmodern-math.otf(3)/b/n on input line 273.
LaTeX Font Info:    Font shape `TU/latinmodern-math.otf(1)/m/n' will be
(Font)              scaled to size 7.665pt on input line 273.
LaTeX Font Info:    Font shape `TU/latinmodern-math.otf(1)/m/n' will be
(Font)              scaled to size 5.475pt on input line 273.
LaTeX Font Info:    Trying to load font information for OML+lmm on input line 273.
(c:/Users/Zanon/AppData/Roaming/TinyTeX/texmf-dist/tex/latex/lm/omllmm.fd
File: omllmm.fd 2015/05/01 v1.6.1 Font defs for Latin Modern
)
LaTeX Font Info:    Font shape `TU/latinmodern-math.otf(2)/m/n' will be
(Font)              scaled to size 10.95pt on input line 273.
LaTeX Font Info:    Font shape `TU/latinmodern-math.otf(2)/m/n' will be
(Font)              scaled to size 7.665pt on input line 273.
LaTeX Font Info:    Font shape `TU/latinmodern-math.otf(2)/m/n' will be
(Font)              scaled to size 5.475pt on input line 273.
LaTeX Font Info:    Font shape `TU/latinmodern-math.otf(3)/m/n' will be
(Font)              scaled to size 10.95pt on input line 273.
LaTeX Font Info:    Font shape `TU/latinmodern-math.otf(3)/m/n' will be
(Font)              scaled to size 7.665pt on input line 273.
LaTeX Font Info:    Font shape `TU/latinmodern-math.otf(3)/m/n' will be
(Font)              scaled to size 5.475pt on input line 273.
LaTeX Font Info:    Trying to load font information for U+msa on input line 273.
 (c:/Users/Zanon/AppData/Roaming/TinyTeX/texmf-dist/tex/latex/amsfonts/umsa.fd
File: umsa.fd 2013/01/14 v3.01 AMS symbols A
)
LaTeX Font Info:    Trying to load font information for U+msb on input line 273.
 (c:/Users/Zanon/AppData/Roaming/TinyTeX/texmf-dist/tex/latex/amsfonts/umsb.fd
File: umsb.fd 2013/01/14 v3.01 AMS symbols B
)
LaTeX Info: Redefining \microtypecontext on input line 273.
Package microtype Info: Applying patch `item' on input line 273.
Package microtype Info: Applying patch `toc' on input line 273.
Package microtype Info: Applying patch `eqnum' on input line 273.
Package microtype Info: Applying patch `footnote' on input line 273.
Package microtype Info: Applying patch `verbatim' on input line 273.
LaTeX Info: Redefining \microtypesetup on input line 273.
Package microtype Info: Generating PDF output.
Package microtype Info: Character protrusion enabled (level 2).
Package microtype Info: Using protrusion set `basicmath'.
Package microtype Info: Automatic font expansion enabled (level 2),
(microtype)             stretch: 20, shrink: 20, step: 1, non-selected.
Package microtype Info: Using default expansion set `alltext-nott'.
Package microtype Info: Patching command `\showhyphens'.
Package microtype Info: No adjustment of tracking.
Package microtype Info: No adjustment of spacing.
Package microtype Info: No adjustment of kerning.
 (c:/Users/Zanon/AppData/Roaming/TinyTeX/texmf-dist/tex/latex/microtype/mt-LatinModernRoman.cfg
File: mt-LatinModernRoman.cfg 2026/02/26 v1.2 microtype config. file: Latin Modern Roman (RS)
)
Removing  `Babel.pre_otfload_h' from `hpack_filter'.
Removing  `luaotfload.node_processor' from `hpack_filter'.
Removing  `luaotfload.harf.finalize_hlist' from `hpack_filter'.
Inserting `Babel.math_box_dir' in `hpack_filter'.
Inserting `Babel.pre_otfload_h' in `hpack_filter'.
Inserting `luaotfload.node_processor' in `hpack_filter'.
Inserting `luaotfload.harf.finalize_hlist' in `hpack_filter'.
Inserting `Babel.unset_atdir' in `pre_linebreak_filter'.
Inserting `Babel.unset_atdir' in `hpack_filter'.
Inserting `Babel.ensure_math_dir' in `post_mlist_to_hlist_filter'.
Package hyperref Info: Link coloring ON on input line 273.
Package caption Info: Begin \AtBeginDocument code.
Package caption Info: float package is loaded.
Package caption Info: End \AtBeginDocument code.
\g__cctab_next_cctab=\catcodetable19
Package babel Info: Main language set to 'british'.
<assets/branding/Logo.png, id=7, 398.142pt x 127.677pt>
File: assets/branding/Logo.png Graphic file (type png)
<use assets/branding/Logo.png>
Package luatex.def Info: assets/branding/Logo.png  used on input line 289.
(luatex.def)             Requested size: 328.91032pt x 105.47897pt.
 [1



{c:/Users/Zanon/AppData/Roaming/TinyTeX/texmf-var/fonts/map/pdftex/updmap/pdftex.map}<./assets/branding/Logo.png>] [2


]
Package microtype Info: Loading generic protrusion settings for font family
(microtype)             `lmss' (encoding: TU).
(microtype)             For optimal results, create family-specific settings.
(microtype)             See the microtype manual for details.
Package tocbasic Info: character protrusion at toc deactivated on input line 326.
 (d:/09_GIT_PROJECTS/MVAcademy-org/Editor/_build/staging/handbook/Machine-Vision-Engineering-Handbook.toc
Overfull \hbox (2.38707pt too wide) detected at line 7
 []\TU/lmss/bx/n/10.95 xxiii
 []


Overfull \hbox (1.02748pt too wide) detected at line 8
 []\TU/lmss/bx/n/12 xxv
 []

[3]
Missing character: There is no ⁴ (U+2074) in font [lmroman10-regular]:+tlig;!
Missing character: There is no ⁴ (U+2074) in font [lmroman10-regular]:+tlig;!

Underfull \vbox (badness 10000) has occurred while \output is active []

 [4
Missing character: There is no ⁴ (U+2074) in font [lmroman10-regular]:+tlig;!
] [5]
Missing character: There is no σ (U+03C3) in font [lmroman10-regular]:+tlig;!
Missing character: There is no σ (U+03C3) in font [lmroman10-regular]:+tlig;!
[6
Missing character: There is no σ (U+03C3) in font [lmroman10-regular]:+tlig;!
] [7] [8]
Overfull \hbox (2.8275pt too wide) detected at line 314
 []\TU/lmss/bx/n/12 101
 []


Overfull \hbox (1.09496pt too wide) detected at line 315
 []\TU/lmss/bx/n/10.95 105
 []

[9]
Overfull \hbox (1.09496pt too wide) detected at line 351
 []\TU/lmss/bx/n/10.95 111
 []


Overfull \hbox (2.8275pt too wide) detected at line 374
 []\TU/lmss/bx/n/12 115
 []


Overfull \hbox (1.09496pt too wide) detected at line 375
 []\TU/lmss/bx/n/10.95 119
 []

[10]
Overfull \hbox (1.09496pt too wide) detected at line 406
 []\TU/lmss/bx/n/10.95 123
 []


Overfull \hbox (1.09496pt too wide) detected at line 439
 []\TU/lmss/bx/n/10.95 127
 []

[11]
Overfull \hbox (2.8275pt too wide) detected at line 468
 []\TU/lmss/bx/n/12 131
 []


Overfull \hbox (1.09496pt too wide) detected at line 469
 []\TU/lmss/bx/n/10.95 135
 []

[12]
Overfull \hbox (1.09496pt too wide) detected at line 513
 []\TU/lmss/bx/n/10.95 141
 []


Overfull \hbox (1.09496pt too wide) detected at line 533
 []\TU/lmss/bx/n/10.95 145
 []

[13]
Overfull \hbox (1.09496pt too wide) detected at line 566
 []\TU/lmss/bx/n/10.95 149
 []


Overfull \hbox (1.09496pt too wide) detected at line 599
 []\TU/lmss/bx/n/10.95 153
 []

[14]
Overfull \hbox (1.09496pt too wide) detected at line 628
 []\TU/lmss/bx/n/10.95 157
 []

)
\tf@toc=\write4

\openout4 = Machine-Vision-Engineering-Handbook.toc
 [15] [16


]
chapter 1.
[17] [18


] (c:/Users/Zanon/AppData/Roaming/TinyTeX/texmf-dist/tex/latex/microtype/mt-TU-empty.cfg
File: mt-TU-empty.cfg 2021/06/22 v1.1 microtype config. file: fonts with nonstandard glyph set (RS)
) [19] [20


] [21] [22


] [23] [24


]
part I.
Package scrkbase Info: You've told me to use the font selection of the element
(scrkbase)             `partprefix' that is an alias of element `partnumber'
(scrkbase)              on input line 435.
[25] [26] [27] [28


]
chapter 2.
<chapters/vision-engineering-scope-definitions-and-history/assets/figures/machine-vision-engineering-lifecycle.png, id=1411, 853.005pt x 360.036pt>
File: chapters/vision-engineering-scope-definitions-and-history/assets/figures/machine-vision-engineering-lifecycle.png Graphic file (type png)
<use chapters/vision-engineering-scope-definitions-and-history/assets/figures/machine-vision-engineering-lifecycle.png>
Package luatex.def Info: chapters/vision-engineering-scope-definitions-and-history/assets/figures/machine-vision-engineering-lifecycle.png  used on input line 520.
(luatex.def)             Requested size: 853.00291pt x 360.03511pt.
[1] [2<d:/09_GIT_PROJECTS/MVAcademy-org/Editor/_build/staging/handbook/chapters/vision-engineering-scope-definitions-and-history/assets/figures/machine-vision-engineering-lifecycle.png>] [3]
<chapters/vision-engineering-scope-definitions-and-history/assets/figures/walden_kirsch.jpg, id=1428, 73.35405pt x 89.3739pt>
File: chapters/vision-engineering-scope-definitions-and-history/assets/figures/walden_kirsch.jpg Graphic file (type jpg)
<use chapters/vision-engineering-scope-definitions-and-history/assets/figures/walden_kirsch.jpg>
Package luatex.def Info: chapters/vision-engineering-scope-definitions-and-history/assets/figures/walden_kirsch.jpg  used on input line 696.
(luatex.def)             Requested size: 73.35387pt x 89.37367pt.
<chapters/vision-engineering-scope-definitions-and-history/assets/figures/ranger7-moon-crash.jpg, id=1429, 115.632pt x 112.37985pt>
File: chapters/vision-engineering-scope-definitions-and-history/assets/figures/ranger7-moon-crash.jpg Graphic file (type jpg)
<use chapters/vision-engineering-scope-definitions-and-history/assets/figures/ranger7-moon-crash.jpg>
Package luatex.def Info: chapters/vision-engineering-scope-definitions-and-history/assets/figures/ranger7-moon-crash.jpg  used on input line 721.
(luatex.def)             Requested size: 115.63171pt x 112.37956pt.
 [4<d:/09_GIT_PROJECTS/MVAcademy-org/Editor/_build/staging/handbook/chapters/vision-engineering-scope-definitions-and-history/assets/figures/walden_kirsch.jpg><d:/09_GIT_PROJECTS/MVAcademy-org/Editor/_build/staging/handbook/chapters/vision-engineering-scope-definitions-and-history/assets/figures/ranger7-moon-crash.jpg>]
<chapters/vision-engineering-scope-definitions-and-history/assets/figures/steven-sasson-kodak-1975.jpg, id=1436, 722.7pt x 406.51875pt>
File: chapters/vision-engineering-scope-definitions-and-history/assets/figures/steven-sasson-kodak-1975.jpg Graphic file (type jpg)
<use chapters/vision-engineering-scope-definitions-and-history/assets/figures/steven-sasson-kodak-1975.jpg>
Package luatex.def Info: chapters/vision-engineering-scope-definitions-and-history/assets/figures/steven-sasson-kodak-1975.jpg  used on input line 754.
(luatex.def)             Requested size: 722.69823pt x 406.51775pt.
 [5<d:/09_GIT_PROJECTS/MVAcademy-org/Editor/_build/staging/handbook/chapters/vision-engineering-scope-definitions-and-history/assets/figures/steven-sasson-kodak-1975.jpg>]
<chapters/vision-engineering-scope-definitions-and-history/assets/figures/LeCun-Demostration.jpg, id=1442, 511.9125pt x 353.32pt>
File: chapters/vision-engineering-scope-definitions-and-history/assets/figures/LeCun-Demostration.jpg Graphic file (type jpg)
<use chapters/vision-engineering-scope-definitions-and-history/assets/figures/LeCun-Demostration.jpg>
Package luatex.def Info: chapters/vision-engineering-scope-definitions-and-history/assets/figures/LeCun-Demostration.jpg  used on input line 859.
(luatex.def)             Requested size: 511.91125pt x 353.31914pt.
 [6] [7<d:/09_GIT_PROJECTS/MVAcademy-org/Editor/_build/staging/handbook/chapters/vision-engineering-scope-definitions-and-history/assets/figures/LeCun-Demostration.jpg>]
<chapters/vision-engineering-scope-definitions-and-history/assets/figures/innovation-parallel-timeline.png, id=1452, 955.716pt x 541.587pt>
File: chapters/vision-engineering-scope-definitions-and-history/assets/figures/innovation-parallel-timeline.png Graphic file (type png)
<use chapters/vision-engineering-scope-definitions-and-history/assets/figures/innovation-parallel-timeline.png>
Package luatex.def Info: chapters/vision-engineering-scope-definitions-and-history/assets/figures/innovation-parallel-timeline.png  used on input line 923.
(luatex.def)             Requested size: 955.71367pt x 541.58568pt.

Underfull \vbox (badness 2119) has occurred while \output is active []

 [8<d:/09_GIT_PROJECTS/MVAcademy-org/Editor/_build/staging/handbook/chapters/vision-engineering-scope-definitions-and-history/assets/figures/innovation-parallel-timeline.png>]
<chapters/vision-engineering-scope-definitions-and-history/assets/figures/history-line-protocols.png, id=1459, 939.51pt x 412.377pt>
File: chapters/vision-engineering-scope-definitions-and-history/assets/figures/history-line-protocols.png Graphic file (type png)
<use chapters/vision-engineering-scope-definitions-and-history/assets/figures/history-line-protocols.png>
Package luatex.def Info: chapters/vision-engineering-scope-definitions-and-history/assets/figures/history-line-protocols.png  used on input line 986.
(luatex.def)             Requested size: 939.5077pt x 412.37598pt.
 [9<d:/09_GIT_PROJECTS/MVAcademy-org/Editor/_build/staging/handbook/chapters/vision-engineering-scope-definitions-and-history/assets/figures/history-line-protocols.png>] [10] [11] [12] [13] [14] [15] [16]
Underfull \vbox (badness 10000) has occurred while \output is active []

 [17]
<chapters/vision-engineering-scope-definitions-and-history/assets/figures/industrial-machine-vision-company-timeline.png, id=1503, 958.563pt x 364.416pt>
File: chapters/vision-engineering-scope-definitions-and-history/assets/figures/industrial-machine-vision-company-timeline.png Graphic file (type png)
<use chapters/vision-engineering-scope-definitions-and-history/assets/figures/industrial-machine-vision-company-timeline.png>
Package luatex.def Info: chapters/vision-engineering-scope-definitions-and-history/assets/figures/industrial-machine-vision-company-timeline.png  used on input line 1271.
(luatex.def)             Requested size: 958.56067pt x 364.41512pt.
<chapters/vision-engineering-scope-definitions-and-history/assets/figures/trojan-Room-coffee-pot-1991.png, id=1504, 700.11563pt x 310.15875pt>
File: chapters/vision-engineering-scope-definitions-and-history/assets/figures/trojan-Room-coffee-pot-1991.png Graphic file (type png)
<use chapters/vision-engineering-scope-definitions-and-history/assets/figures/trojan-Room-coffee-pot-1991.png>
Package luatex.def Info: chapters/vision-engineering-scope-definitions-and-history/assets/figures/trojan-Room-coffee-pot-1991.png  used on input line 1330.
(luatex.def)             Requested size: 700.11392pt x 310.15799pt.
 [18<d:/09_GIT_PROJECTS/MVAcademy-org/Editor/_build/staging/handbook/chapters/vision-engineering-scope-definitions-and-history/assets/figures/industrial-machine-vision-company-timeline.png>] [19<d:/09_GIT_PROJECTS/MVAcademy-org/Editor/_build/staging/handbook/chapters/vision-engineering-scope-definitions-and-history/assets/figures/trojan-Room-coffee-pot-1991.png>] [20]
<chapters/vision-engineering-scope-definitions-and-history/assets/figures/applications-families.png, id=1521, 948.6642pt x 597.1911pt>
File: chapters/vision-engineering-scope-definitions-and-history/assets/figures/applications-families.png Graphic file (type png)
<use chapters/vision-engineering-scope-definitions-and-history/assets/figures/applications-families.png>
Package luatex.def Info: chapters/vision-engineering-scope-definitions-and-history/assets/figures/applications-families.png  used on input line 1486.
(luatex.def)             Requested size: 948.6619pt x 597.18965pt.
 [21<d:/09_GIT_PROJECTS/MVAcademy-org/Editor/_build/staging/handbook/chapters/vision-engineering-scope-definitions-and-history/assets/figures/applications-families.png>] [22]
<chapters/vision-engineering-scope-definitions-and-history/assets/figures/gauging-hmi.png, id=1534, 812.928pt x 542.025pt>
File: chapters/vision-engineering-scope-definitions-and-history/assets/figures/gauging-hmi.png Graphic file (type png)
<use chapters/vision-engineering-scope-definitions-and-history/assets/figures/gauging-hmi.png>
Package luatex.def Info: chapters/vision-engineering-scope-definitions-and-history/assets/figures/gauging-hmi.png  used on input line 1606.
(luatex.def)             Requested size: 812.92601pt x 542.02367pt.
<chapters/vision-engineering-scope-definitions-and-history/assets/figures/presence-him.png, id=1535, 812.928pt x 542.025pt>
File: chapters/vision-engineering-scope-definitions-and-history/assets/figures/presence-him.png Graphic file (type png)
<use chapters/vision-engineering-scope-definitions-and-history/assets/figures/presence-him.png>
Package luatex.def Info: chapters/vision-engineering-scope-definitions-and-history/assets/figures/presence-him.png  used on input line 1637.
(luatex.def)             Requested size: 812.92601pt x 542.02367pt.
 [23<d:/09_GIT_PROJECTS/MVAcademy-org/Editor/_build/staging/handbook/chapters/vision-engineering-scope-definitions-and-history/assets/figures/gauging-hmi.png>]
<chapters/vision-engineering-scope-definitions-and-history/assets/figures/surface-hmi.png, id=1543, 812.928pt x 542.025pt>
File: chapters/vision-engineering-scope-definitions-and-history/assets/figures/surface-hmi.png Graphic file (type png)
<use chapters/vision-engineering-scope-definitions-and-history/assets/figures/surface-hmi.png>
Package luatex.def Info: chapters/vision-engineering-scope-definitions-and-history/assets/figures/surface-hmi.png  used on input line 1684.
(luatex.def)             Requested size: 812.92601pt x 542.02367pt.
 [24<d:/09_GIT_PROJECTS/MVAcademy-org/Editor/_build/staging/handbook/chapters/vision-engineering-scope-definitions-and-history/assets/figures/presence-him.png>]
<chapters/vision-engineering-scope-definitions-and-history/assets/figures/ocr-hmi.png, id=1550, 812.928pt x 542.025pt>
File: chapters/vision-engineering-scope-definitions-and-history/assets/figures/ocr-hmi.png Graphic file (type png)
<use chapters/vision-engineering-scope-definitions-and-history/assets/figures/ocr-hmi.png>
Package luatex.def Info: chapters/vision-engineering-scope-definitions-and-history/assets/figures/ocr-hmi.png  used on input line 1734.
(luatex.def)             Requested size: 812.92601pt x 542.02367pt.
 [25<d:/09_GIT_PROJECTS/MVAcademy-org/Editor/_build/staging/handbook/chapters/vision-engineering-scope-definitions-and-history/assets/figures/surface-hmi.png>]
<chapters/vision-engineering-scope-definitions-and-history/assets/figures/guided-robot-hmi.png, id=1557, 812.928pt x 544.872pt>
File: chapters/vision-engineering-scope-definitions-and-history/assets/figures/guided-robot-hmi.png Graphic file (type png)
<use chapters/vision-engineering-scope-definitions-and-history/assets/figures/guided-robot-hmi.png>
Package luatex.def Info: chapters/vision-engineering-scope-definitions-and-history/assets/figures/guided-robot-hmi.png  used on input line 1778.
(luatex.def)             Requested size: 812.92601pt x 544.87067pt.
 [26<d:/09_GIT_PROJECTS/MVAcademy-org/Editor/_build/staging/handbook/chapters/vision-engineering-scope-definitions-and-history/assets/figures/ocr-hmi.png>]
<chapters/vision-engineering-scope-definitions-and-history/assets/figures/architecture-spectrum.png, id=1566, 804.606pt x 514.431pt>
File: chapters/vision-engineering-scope-definitions-and-history/assets/figures/architecture-spectrum.png Graphic file (type png)
<use chapters/vision-engineering-scope-definitions-and-history/assets/figures/architecture-spectrum.png>
Package luatex.def Info: chapters/vision-engineering-scope-definitions-and-history/assets/figures/architecture-spectrum.png  used on input line 1832.
(luatex.def)             Requested size: 804.60403pt x 514.42973pt.
 [27<d:/09_GIT_PROJECTS/MVAcademy-org/Editor/_build/staging/handbook/chapters/vision-engineering-scope-definitions-and-history/assets/figures/guided-robot-hmi.png>] [28<d:/09_GIT_PROJECTS/MVAcademy-org/Editor/_build/staging/handbook/chapters/vision-engineering-scope-definitions-and-history/assets/figures/architecture-spectrum.png>]
Underfull \vbox (badness 10000) has occurred while \output is active []

 [29] [30] [31]
Underfull \vbox (badness 4156) has occurred while \output is active []

 [32] [33]
Underfull \vbox (badness 6741) has occurred while \output is active []

 [34] [35] [36]
Missing character: There is no 🟢 (U+1F7E2) in font [lmroman10-regular]:+tlig;!
Missing character: There is no 🟡 (U+1F7E1) in font [lmroman10-regular]:+tlig;!
Missing character: There is no 🔴 (U+1F534) in font [lmroman10-regular]:+tlig;!
Missing character: There is no 🟢 (U+1F7E2) in font [lmroman10-regular]:+tlig;!
Missing character: There is no 🟡 (U+1F7E1) in font [lmroman10-regular]:+tlig;!
Missing character: There is no 🔴 (U+1F534) in font [lmroman10-regular]:+tlig;!
Missing character: There is no 🟢 (U+1F7E2) in font [lmroman10-regular]:+tlig;!
Missing character: There is no 🟢 (U+1F7E2) in font [lmroman10-regular]:+tlig;!
Missing character: There is no 🟡 (U+1F7E1) in font [lmroman10-regular]:+tlig;!
Missing character: There is no 🟡 (U+1F7E1) in font [lmroman10-regular]:+tlig;!
Missing character: There is no 🔴 (U+1F534) in font [lmroman10-regular]:+tlig;!
Missing character: There is no 🔴 (U+1F534) in font [lmroman10-regular]:+tlig;!
Missing character: There is no 🟢 (U+1F7E2) in font [lmroman10-regular]:+tlig;!
Missing character: There is no 🟢 (U+1F7E2) in font [lmroman10-regular]:+tlig;!
Missing character: There is no 🟡 (U+1F7E1) in font [lmroman10-regular]:+tlig;!
Missing character: There is no 🟡 (U+1F7E1) in font [lmroman10-regular]:+tlig;!
Missing character: There is no 🔴 (U+1F534) in font [lmroman10-regular]:+tlig;!
Missing character: There is no 🔴 (U+1F534) in font [lmroman10-regular]:+tlig;!
Missing character: There is no 🔴 (U+1F534) in font [lmroman10-regular]:+tlig;!
Missing character: There is no 🔴 (U+1F534) in font [lmroman10-regular]:+tlig;!
Missing character: There is no 🟢 (U+1F7E2) in font [lmroman10-regular]:+tlig;!
Missing character: There is no 🟢 (U+1F7E2) in font [lmroman10-regular]:+tlig;!
Missing character: There is no 🟢 (U+1F7E2) in font [lmroman10-regular]:+tlig;!
Missing character: There is no 🟢 (U+1F7E2) in font [lmroman10-regular]:+tlig;!
Missing character: There is no 🔴 (U+1F534) in font [lmroman10-regular]:+tlig;!
Missing character: There is no 🔴 (U+1F534) in font [lmroman10-regular]:+tlig;!
Missing character: There is no 🟡 (U+1F7E1) in font [lmroman10-regular]:+tlig;!
Missing character: There is no 🟡 (U+1F7E1) in font [lmroman10-regular]:+tlig;!
Missing character: There is no 🟢 (U+1F7E2) in font [lmroman10-regular]:+tlig;!
Missing character: There is no 🟢 (U+1F7E2) in font [lmroman10-regular]:+tlig;!
Missing character: There is no 🔴 (U+1F534) in font [lmroman10-regular]:+tlig;!
Missing character: There is no 🔴 (U+1F534) in font [lmroman10-regular]:+tlig;!
Missing character: There is no 🟢 (U+1F7E2) in font [lmroman10-regular]:+tlig;!
Missing character: There is no 🟢 (U+1F7E2) in font [lmroman10-regular]:+tlig;!
Missing character: There is no 🟢 (U+1F7E2) in font [lmroman10-regular]:+tlig;!
Missing character: There is no 🟢 (U+1F7E2) in font [lmroman10-regular]:+tlig;!
Missing character: There is no 🟢 (U+1F7E2) in font [lmroman10-regular]:+tlig;!
Missing character: There is no 🔴 (U+1F534) in font [lmroman10-regular]:+tlig;!
Missing character: There is no 🔴 (U+1F534) in font [lmroman10-regular]:+tlig;!
Missing character: There is no 🟢 (U+1F7E2) in font [lmroman10-regular]:+tlig;!
Missing character: There is no 🟢 (U+1F7E2) in font [lmroman10-regular]:+tlig;!
Missing character: There is no 🟢 (U+1F7E2) in font [lmroman10-regular]:+tlig;!
Missing character: There is no 🟢 (U+1F7E2) in font [lmroman10-regular]:+tlig;!
Missing character: There is no 🔴 (U+1F534) in font [lmroman10-regular]:+tlig;!
Missing character: There is no 🔴 (U+1F534) in font [lmroman10-regular]:+tlig;!
Missing character: There is no 🟢 (U+1F7E2) in font [lmroman10-regular]:+tlig;!
Missing character: There is no 🟢 (U+1F7E2) in font [lmroman10-regular]:+tlig;!
Missing character: There is no 🟡 (U+1F7E1) in font [lmroman10-regular]:+tlig;!
Missing character: There is no 🟡 (U+1F7E1) in font [lmroman10-regular]:+tlig;!
Missing character: There is no 🔴 (U+1F534) in font [lmroman10-regular]:+tlig;!
Missing character: There is no 🔴 (U+1F534) in font [lmroman10-regular]:+tlig;!
Missing character: There is no 🟡 (U+1F7E1) in font [lmroman10-regular]:+tlig;!
Missing character: There is no 🟡 (U+1F7E1) in font [lmroman10-regular]:+tlig;!
Missing character: There is no 🟢 (U+1F7E2) in font [lmroman10-regular]:+tlig;!
Missing character: There is no 🟢 (U+1F7E2) in font [lmroman10-regular]:+tlig;!
Missing character: There is no 🔴 (U+1F534) in font [lmroman10-regular]:+tlig;!
Missing character: There is no 🔴 (U+1F534) in font [lmroman10-regular]:+tlig;!
Missing character: There is no 🟢 (U+1F7E2) in font [lmroman10-regular]:+tlig;!
Missing character: There is no 🟢 (U+1F7E2) in font [lmroman10-regular]:+tlig;!
Missing character: There is no 🟢 (U+1F7E2) in font [lmroman10-regular]:+tlig;!
Missing character: There is no 🟢 (U+1F7E2) in font [lmroman10-regular]:+tlig;!
Missing character: There is no 🟢 (U+1F7E2) in font [lmroman10-regular]:+tlig;!
Missing character: There is no 🟢 (U+1F7E2) in font [lmroman10-regular]:+tlig;!
Missing character: There is no 🟡 (U+1F7E1) in font [lmroman10-regular]:+tlig;!
Missing character: There is no 🟡 (U+1F7E1) in font [lmroman10-regular]:+tlig;!
Missing character: There is no 🔴 (U+1F534) in font [lmroman10-regular]:+tlig;!
Missing character: There is no 🔴 (U+1F534) in font [lmroman10-regular]:+tlig;!
Missing character: There is no 🟢 (U+1F7E2) in font [lmroman10-regular]:+tlig;!
Missing character: There is no 🟢 (U+1F7E2) in font [lmroman10-regular]:+tlig;!
Missing character: There is no 🔴 (U+1F534) in font [lmroman10-regular]:+tlig;!
Missing character: There is no 🔴 (U+1F534) in font [lmroman10-regular]:+tlig;!
Missing character: There is no 🟡 (U+1F7E1) in font [lmroman10-regular]:+tlig;!
Missing character: There is no 🟡 (U+1F7E1) in font [lmroman10-regular]:+tlig;!
Missing character: There is no 🟢 (U+1F7E2) in font [lmroman10-regular]:+tlig;!
Missing character: There is no 🟢 (U+1F7E2) in font [lmroman10-regular]:+tlig;!
Missing character: There is no 🟢 (U+1F7E2) in font [lmroman10-regular]:+tlig;!
Missing character: There is no 🟢 (U+1F7E2) in font [lmroman10-regular]:+tlig;!
Missing character: There is no 🔴 (U+1F534) in font [lmroman10-regular]:+tlig;!
Missing character: There is no 🔴 (U+1F534) in font [lmroman10-regular]:+tlig;!
Missing character: There is no 🟢 (U+1F7E2) in font [lmroman10-regular]:+tlig;!
Missing character: There is no 🟢 (U+1F7E2) in font [lmroman10-regular]:+tlig;!
Missing character: There is no 🟢 (U+1F7E2) in font [lmroman10-regular]:+tlig;!
Missing character: There is no 🟢 (U+1F7E2) in font [lmroman10-regular]:+tlig;!
Missing character: There is no 🔴 (U+1F534) in font [lmroman10-regular]:+tlig;!
Missing character: There is no 🔴 (U+1F534) in font [lmroman10-regular]:+tlig;!
Missing character: There is no 🟢 (U+1F7E2) in font [lmroman10-regular]:+tlig;!
Missing character: There is no 🟢 (U+1F7E2) in font [lmroman10-regular]:+tlig;!
Missing character: There is no 🟡 (U+1F7E1) in font [lmroman10-regular]:+tlig;!
Missing character: There is no 🟡 (U+1F7E1) in font [lmroman10-regular]:+tlig;!
Missing character: There is no 🔴 (U+1F534) in font [lmroman10-regular]:+tlig;!
Missing character: There is no 🔴 (U+1F534) in font [lmroman10-regular]:+tlig;!
Missing character: There is no 🟢 (U+1F7E2) in font [lmroman10-regular]:+tlig;!
Missing character: There is no 🟢 (U+1F7E2) in font [lmroman10-regular]:+tlig;!
Missing character: There is no 🟢 (U+1F7E2) in font [lmroman10-regular]:+tlig;!
Missing character: There is no 🟢 (U+1F7E2) in font [lmroman10-regular]:+tlig;!
Missing character: There is no 🟡 (U+1F7E1) in font [lmroman10-regular]:+tlig;!
Missing character: There is no 🟡 (U+1F7E1) in font [lmroman10-regular]:+tlig;!
Missing character: There is no 🟢 (U+1F7E2) in font [lmroman10-regular]:+tlig;!
Missing character: There is no 🟢 (U+1F7E2) in font [lmroman10-regular]:+tlig;!
Missing character: There is no 🟡 (U+1F7E1) in font [lmroman10-regular]:+tlig;!
Missing character: There is no 🟡 (U+1F7E1) in font [lmroman10-regular]:+tlig;!
Missing character: There is no 🔴 (U+1F534) in font [lmroman10-regular]:+tlig;!
Missing character: There is no 🔴 (U+1F534) in font [lmroman10-regular]:+tlig;!
Missing character: There is no 🟢 (U+1F7E2) in font [lmroman10-regular]:+tlig;!
Missing character: There is no 🟢 (U+1F7E2) in font [lmroman10-regular]:+tlig;!
Missing character: There is no 🟡 (U+1F7E1) in font [lmroman10-regular]:+tlig;!
Missing character: There is no 🟡 (U+1F7E1) in font [lmroman10-regular]:+tlig;!
Missing character: There is no 🔴 (U+1F534) in font [lmroman10-regular]:+tlig;!
Missing character: There is no 🔴 (U+1F534) in font [lmroman10-regular]:+tlig;!
Missing character: There is no 🔴 (U+1F534) in font [lmroman10-regular]:+tlig;!
Missing character: There is no 🔴 (U+1F534) in font [lmroman10-regular]:+tlig;!
Missing character: There is no 🟡 (U+1F7E1) in font [lmroman10-regular]:+tlig;!
Missing character: There is no 🟡 (U+1F7E1) in font [lmroman10-regular]:+tlig;!
Missing character: There is no 🟢 (U+1F7E2) in font [lmroman10-regular]:+tlig;!
Missing character: There is no 🟢 (U+1F7E2) in font [lmroman10-regular]:+tlig;!
Missing character: There is no 🔴 (U+1F534) in font [lmroman10-regular]:+tlig;!
Missing character: There is no 🔴 (U+1F534) in font [lmroman10-regular]:+tlig;!
Missing character: There is no 🟡 (U+1F7E1) in font [lmroman10-regular]:+tlig;!
Missing character: There is no 🟡 (U+1F7E1) in font [lmroman10-regular]:+tlig;!
Missing character: There is no 🟢 (U+1F7E2) in font [lmroman10-regular]:+tlig;!
Missing character: There is no 🟢 (U+1F7E2) in font [lmroman10-regular]:+tlig;!
Missing character: There is no 🔴 (U+1F534) in font [lmroman10-regular]:+tlig;!
Missing character: There is no 🔴 (U+1F534) in font [lmroman10-regular]:+tlig;!
Missing character: There is no 🟡 (U+1F7E1) in font [lmroman10-regular]:+tlig;!
Missing character: There is no 🟡 (U+1F7E1) in font [lmroman10-regular]:+tlig;!
Missing character: There is no 🟢 (U+1F7E2) in font [lmroman10-regular]:+tlig;!
Missing character: There is no 🟢 (U+1F7E2) in font [lmroman10-regular]:+tlig;!
[37
Missing character: There is no 🟢 (U+1F7E2) in font [lmroman10-regular]:+tlig;!
Missing character: There is no 🟡 (U+1F7E1) in font [lmroman10-regular]:+tlig;!
Missing character: There is no 🔴 (U+1F534) in font [lmroman10-regular]:+tlig;!
Missing character: There is no 🟢 (U+1F7E2) in font [lmroman10-regular]:+tlig;!
Missing character: There is no 🟡 (U+1F7E1) in font [lmroman10-regular]:+tlig;!
Missing character: There is no 🔴 (U+1F534) in font [lmroman10-regular]:+tlig;!
Missing character: There is no 🟢 (U+1F7E2) in font [lmroman10-regular]:+tlig;!
Missing character: There is no 🟡 (U+1F7E1) in font [lmroman10-regular]:+tlig;!
Missing character: There is no 🔴 (U+1F534) in font [lmroman10-regular]:+tlig;!
Missing character: There is no 🔴 (U+1F534) in font [lmroman10-regular]:+tlig;!
Missing character: There is no 🟢 (U+1F7E2) in font [lmroman10-regular]:+tlig;!
Missing character: There is no 🟢 (U+1F7E2) in font [lmroman10-regular]:+tlig;!
Missing character: There is no 🔴 (U+1F534) in font [lmroman10-regular]:+tlig;!
Missing character: There is no 🟡 (U+1F7E1) in font [lmroman10-regular]:+tlig;!
Missing character: There is no 🟢 (U+1F7E2) in font [lmroman10-regular]:+tlig;!
Missing character: There is no 🔴 (U+1F534) in font [lmroman10-regular]:+tlig;!
Missing character: There is no 🟢 (U+1F7E2) in font [lmroman10-regular]:+tlig;!
Missing character: There is no 🟢 (U+1F7E2) in font [lmroman10-regular]:+tlig;!
Missing character: There is no 🔴 (U+1F534) in font [lmroman10-regular]:+tlig;!
Missing character: There is no 🟢 (U+1F7E2) in font [lmroman10-regular]:+tlig;!
Missing character: There is no 🟢 (U+1F7E2) in font [lmroman10-regular]:+tlig;!
Missing character: There is no 🔴 (U+1F534) in font [lmroman10-regular]:+tlig;!
Missing character: There is no 🟢 (U+1F7E2) in font [lmroman10-regular]:+tlig;!
Missing character: There is no 🟡 (U+1F7E1) in font [lmroman10-regular]:+tlig;!
]
Underfull \vbox (badness 10000) has occurred while \output is active []

 [38
Missing character: There is no 🔴 (U+1F534) in font [lmroman10-regular]:+tlig;!
Missing character: There is no 🟡 (U+1F7E1) in font [lmroman10-regular]:+tlig;!
Missing character: There is no 🟢 (U+1F7E2) in font [lmroman10-regular]:+tlig;!
Missing character: There is no 🔴 (U+1F534) in font [lmroman10-regular]:+tlig;!
Missing character: There is no 🟢 (U+1F7E2) in font [lmroman10-regular]:+tlig;!
Missing character: There is no 🟢 (U+1F7E2) in font [lmroman10-regular]:+tlig;!
Missing character: There is no 🟢 (U+1F7E2) in font [lmroman10-regular]:+tlig;!
Missing character: There is no 🟡 (U+1F7E1) in font [lmroman10-regular]:+tlig;!
Missing character: There is no 🔴 (U+1F534) in font [lmroman10-regular]:+tlig;!
Missing character: There is no 🟢 (U+1F7E2) in font [lmroman10-regular]:+tlig;!
Missing character: There is no 🔴 (U+1F534) in font [lmroman10-regular]:+tlig;!
Missing character: There is no 🟡 (U+1F7E1) in font [lmroman10-regular]:+tlig;!
Missing character: There is no 🟢 (U+1F7E2) in font [lmroman10-regular]:+tlig;!
Missing character: There is no 🟢 (U+1F7E2) in font [lmroman10-regular]:+tlig;!
Missing character: There is no 🔴 (U+1F534) in font [lmroman10-regular]:+tlig;!
Missing character: There is no 🟢 (U+1F7E2) in font [lmroman10-regular]:+tlig;!
Missing character: There is no 🟢 (U+1F7E2) in font [lmroman10-regular]:+tlig;!
Missing character: There is no 🔴 (U+1F534) in font [lmroman10-regular]:+tlig;!
Missing character: There is no 🟢 (U+1F7E2) in font [lmroman10-regular]:+tlig;!
Missing character: There is no 🟡 (U+1F7E1) in font [lmroman10-regular]:+tlig;!
Missing character: There is no 🔴 (U+1F534) in font [lmroman10-regular]:+tlig;!
Missing character: There is no 🟢 (U+1F7E2) in font [lmroman10-regular]:+tlig;!
Missing character: There is no 🟢 (U+1F7E2) in font [lmroman10-regular]:+tlig;!
Missing character: There is no 🟡 (U+1F7E1) in font [lmroman10-regular]:+tlig;!
Missing character: There is no 🟢 (U+1F7E2) in font [lmroman10-regular]:+tlig;!
Missing character: There is no 🟡 (U+1F7E1) in font [lmroman10-regular]:+tlig;!
Missing character: There is no 🔴 (U+1F534) in font [lmroman10-regular]:+tlig;!
Missing character: There is no 🟢 (U+1F7E2) in font [lmroman10-regular]:+tlig;!
Missing character: There is no 🟡 (U+1F7E1) in font [lmroman10-regular]:+tlig;!
Missing character: There is no 🔴 (U+1F534) in font [lmroman10-regular]:+tlig;!
Missing character: There is no 🔴 (U+1F534) in font [lmroman10-regular]:+tlig;!
Missing character: There is no 🟡 (U+1F7E1) in font [lmroman10-regular]:+tlig;!
Missing character: There is no 🟢 (U+1F7E2) in font [lmroman10-regular]:+tlig;!
Missing character: There is no 🔴 (U+1F534) in font [lmroman10-regular]:+tlig;!
Missing character: There is no 🟡 (U+1F7E1) in font [lmroman10-regular]:+tlig;!
Missing character: There is no 🟢 (U+1F7E2) in font [lmroman10-regular]:+tlig;!
Missing character: There is no 🔴 (U+1F534) in font [lmroman10-regular]:+tlig;!
Missing character: There is no 🟡 (U+1F7E1) in font [lmroman10-regular]:+tlig;!
Missing character: There is no 🟢 (U+1F7E2) in font [lmroman10-regular]:+tlig;!
]
Underfull \vbox (badness 10000) has occurred while \output is active []

 [39]
<chapters/vision-engineering-scope-definitions-and-history/assets/figures/seven-stage-chain.png, id=1625, 707.151pt x 417.852pt>
File: chapters/vision-engineering-scope-definitions-and-history/assets/figures/seven-stage-chain.png Graphic file (type png)
<use chapters/vision-engineering-scope-definitions-and-history/assets/figures/seven-stage-chain.png>
Package luatex.def Info: chapters/vision-engineering-scope-definitions-and-history/assets/figures/seven-stage-chain.png  used on input line 2762.
(luatex.def)             Requested size: 707.14928pt x 417.85098pt.
 [40]
Underfull \vbox (badness 10000) has occurred while \output is active []

 [41<d:/09_GIT_PROJECTS/MVAcademy-org/Editor/_build/staging/handbook/chapters/vision-engineering-scope-definitions-and-history/assets/figures/seven-stage-chain.png>] [42] [43]
<chapters/vision-engineering-scope-definitions-and-history/assets/figures/lighting-before-software.png, id=1647, 721.94719pt x 373.395pt>
File: chapters/vision-engineering-scope-definitions-and-history/assets/figures/lighting-before-software.png Graphic file (type png)
<use chapters/vision-engineering-scope-definitions-and-history/assets/figures/lighting-before-software.png>
Package luatex.def Info: chapters/vision-engineering-scope-definitions-and-history/assets/figures/lighting-before-software.png  used on input line 3041.
(luatex.def)             Requested size: 721.94542pt x 373.39409pt.
 [44<d:/09_GIT_PROJECTS/MVAcademy-org/Editor/_build/staging/handbook/chapters/vision-engineering-scope-definitions-and-history/assets/figures/lighting-before-software.png>] [45]
Underfull \vbox (badness 10000) has occurred while \output is active []

 [46] [47] [48] [49] [50


]
chapter 3.
[51] [52] [53] [54


]
chapter 4.
[55]
Missing character: There is no ⁴ (U+2074) in font [lmsans10-bold]:+tlig;!
Missing character: There is no ⁴ (U+2074) in font [lmsans10-bold]:+tlig;!
[56
Missing character: There is no ⁴ (U+2074) in font [lmsans10-bold]:+tlig;!
] [57] [58]
part II.
Package scrkbase Info: You've told me to use the font selection of the element
(scrkbase)             `partprefix' that is an alias of element `partnumber'
(scrkbase)              on input line 4112.
[59


] [60] [61] [62


]
chapter 5.
[63] [64] [65] [66] [67] [68


]
chapter 6.
[69] [70] [71] [72] [73] [74


]
part III.
Package scrkbase Info: You've told me to use the font selection of the element
(scrkbase)             `partprefix' that is an alias of element `partnumber'
(scrkbase)              on input line 5109.
[75] [76] [77] [78


]
chapter 7.
[79] [80] [81] [82


]
chapter 8.
Missing character: There is no σ (U+03C3) in font [lmsans10-bold]:+tlig;!
Missing character: There is no σ (U+03C3) in font [lmsans10-bold]:+tlig;!
[83] [84
Missing character: There is no σ (U+03C3) in font [lmsans10-bold]:+tlig;!
] [85] [86] [87] [88


]
chapter 9.
[89] [90] [91] [92]
chapter 10.
[93


] [94] [95] [96]
chapter 11.
[97


] [98] [99] [100]
part IV.
Package scrkbase Info: You've told me to use the font selection of the element
(scrkbase)             `partprefix' that is an alias of element `partnumber'
(scrkbase)              on input line 7185.
[101


] [102] [103] [104


]
chapter 12.
[105] [106] [107] [108] [109] [110


]
chapter 13.
[111] [112] [113] [114


]
part V.
Package scrkbase Info: You've told me to use the font selection of the element
(scrkbase)             `partprefix' that is an alias of element `partnumber'
(scrkbase)              on input line 7991.
[115] [116] [117] [118


]
chapter 14.
[119] [120] [121] [122]
chapter 15.
[123


] [124] [125] [126]
chapter 16.
[127


] [128] [129] [130]
part VI.
Package scrkbase Info: You've told me to use the font selection of the element
(scrkbase)             `partprefix' that is an alias of element `partnumber'
(scrkbase)              on input line 9277.
[131


] [132] [133] [134


]
chapter 17.
[135] [136] [137] [138] [139] [140]
chapter 18.
[141


] [142] [143] [144


]
chapter 19.
[145] [146] [147] [148]
chapter 20.
[149


] [150] [151] [152]
chapter 21.
[153


] [154] [155] [156] [157


]
Underfull \vbox (badness 10000) has occurred while \output is active []

 [158]
Underfull \hbox (badness 4144) in paragraph at lines 11876--11876
\TU/lmr/m/n/10.95 by deep learn-ing,’. 2026. Ac-cessed: Aug. 09, 2026. [On-line]. Avail-
 []


Underfull \vbox (badness 10000) has occurred while \output is active []

 [159]
Underfull \vbox (badness 10000) has occurred while \output is active []

 [160]
Underfull \hbox (badness 2529) in paragraph at lines 12047--12047
[]|\TU/lmr/m/n/10.95 Cognex Cor-por-a-tion, ‘Cognex ac-quires maker of deep learn-ing soft-ware for in-dus-
 []


Underfull \hbox (badness 2809) in paragraph at lines 12047--12047
\TU/lmr/m/n/10.95 trial ma-chine vis-ion,’. 2026. Ac-cessed: Aug. 09, 2026. [On-line]. Avail-
 []


Underfull \hbox (badness 10000) in paragraph at lines 12061--12061
\TU/lmr/m/n/10.95 and-events/news/news-details/2022/Zebra-Technologies-Completes-Acquisition-of-Matrox-
 []


Underfull \vbox (badness 10000) has occurred while \output is active []

 [161]
Underfull \hbox (badness 10000) in paragraph at lines 12159--12159
[]|\TU/lmr/m/n/10.95 In-ter-na-tional Or-gan-iz-a-tion for Stand-ard-iz-a-tion, \TU/lmr/m/it/10.95 Geo-met-rical product spe-cific-a-tions
 []


Underfull \hbox (badness 6876) in paragraph at lines 12232--12232
[]|\TU/lmr/m/n/10.95 Cognex Corp., ‘Cognex launches highest per-form-ance em-bed-ded AI vis-ion sys-
 []


Underfull \hbox (badness 3942) in paragraph at lines 12232--12232
\TU/lmr/m/n/10.95 tem powered by qual-comm’. 2026. Ac-cessed: Aug. 18, 2026. [On-line].
 []


Underfull \vbox (badness 10000) has occurred while \output is active []

 [162]
Underfull \vbox (badness 10000) has occurred while \output is active []

 [163]
Underfull \hbox (badness 10000) in paragraph at lines 12405--12405
\TU/lmr/m/n/10.95 details/2026/Cognex-OneVision-Adoption-Ramps-as-Manufacturers-Scale-AI-Vision-
 []


Underfull \vbox (badness 10000) has occurred while \output is active []

 [164] [165] [166


] (d:/09_GIT_PROJECTS/MVAcademy-org/Editor/_build/staging/handbook/Machine-Vision-Engineering-Handbook.aux)
 ***********
LaTeX2e <2026-06-01>
L3 programming layer <2026-08-10>
 ***********
)

Here is how much of LuaTeX's memory you used:
 46760 strings out of 475635
 381530,2373549 words of node,token memory allocated
 35274 words of node memory still in use:
   8 hlist, 2 vlist, 2 rule, 1 local_par, 7 glue, 4 kern, 1 penalty, 3 glyph, 12814 attribute, 73 glue_spec, 4274 attribute_list, 2 write, 1 user_defined, 75 pdf_action nodes
   avail lists: 1:10,2:46297,3:1810,4:456,5:1019,6:208,7:23942,8:188,9:2663,10:30,11:1742,12:1
 67739 multiletter control sequences out of 65536+600000
 53 fonts using 12747479 bytes
 109i,9n,114p,11256b,1122s stack positions out of 10000i,1000n,20000p,200000b,200000s
<c:/Users/Zanon/AppData/Roaming/TinyTeX/texmf-dist/fonts/opentype/public/lm/lmroman10-bold.otf><c:/Users/Zanon/AppData/Roaming/TinyTeX/texmf-dist/fonts/opentype/public/lm/lmroman10-bolditalic.otf><c:/Users/Zanon/AppData/Roaming/TinyTeX/texmf-dist/fonts/opentype/public/lm/lmroman10-italic.otf><c:/Users/Zanon/AppData/Roaming/TinyTeX/texmf-dist/fonts/opentype/public/fontawesome5/FontAwesome5Free-Solid-900.otf><c:/Users/Zanon/AppData/Roaming/TinyTeX/texmf-dist/fonts/opentype/public/lm/lmromanslant10-regular.otf><c:/Users/Zanon/AppData/Roaming/TinyTeX/texmf-dist/fonts/opentype/public/lm/lmroman10-regular.otf><c:/Users/Zanon/AppData/Roaming/TinyTeX/texmf-dist/fonts/opentype/public/lm/lmsans10-bold.otf><c:/Users/Zanon/AppData/Roaming/TinyTeX/texmf-dist/fonts/opentype/public/lm/lmroman9-regular.otf><c:/Users/Zanon/AppData/Roaming/TinyTeX/texmf-dist/fonts/opentype/public/lm/lmroman12-regular.otf><c:/Users/Zanon/AppData/Roaming/TinyTeX/texmf-dist/fonts/opentype/public/lm/lmroman12-bold.otf>
Output written on Machine-Vision-Engineering-Handbook.pdf (194 pages, 82608479 bytes).

PDF statistics: 4556 PDF objects out of 5155 (max. 8388607)
 4253 compressed objects within 43 object streams
 1001 named destinations out of 1200 (max. 1048576)
 5032 words of extra memory for PDF output out of 10000 (max. 100000000)

